,index,법안코드,법안명,제안자,접수일자,당선횟수,공동발의자수,처리구분,num_seats,보건복지위원회,행정안전위원회,산업통상자원중소벤처기업위원회,문화체육관광위원회,국회운영위원회,법제사법위원회,국방위원회,국토교통위원회,기획재정위원회,특별위원회,여성가족위원회,농림축산식품해양수산위원회,외교통일위원회,정보위원회,과학기술정보방송통신위원회,환경노동위원회,교육위원회,정무위원회,국회,정당/선거,안보,사법,행정,재정,중소기업,에너지,부동산,금융,자동차,건설/기계/조선,유통/무역,IT,농축산,복지,의료/보건,도시/교통,교육,환경,노동,치안/안전,가족,여성,예체능,반대당발언횟수,공동발의평균선수,입법형태_일부개정법률안,입법형태_제정,선출형태_비례대표,선출형태_지역구,party_0.0,party_1.0,party_2.0,party_3.0,정당다양성_0.0,정당다양성_1.0,상임위 상정 여부_0.0,상임위 상정 여부_1.0,입법형태_전부개정,party_4.0,party_5.0,prediction
0,57,PRC_X2Z0A1I2J0N1O1W5Z5P2O5W2L8G5V8,산업재해보상보험법 일부개정법률안(대안)(환경노동위원장),,2021-01-08,,,1.0,,0.0,0.0,0.0,0.0,0.0,0.0,0.0,0.0,0.0,0.0,0.0,0.0,0.0,0,0.0,0.0,0.0,0.0,0.0,0.002785515320334262,0.0,0.0,0.024175942276181618,0.009920093674513623,0.0,0.002233341377757718,0.011844694946469702,0.002387652490132366,0.002278493805516065,0.01867004075090201,0.0,0.004571572153681168,0.0,0.016068440293867278,0.03793114838825959,0.0068702445388836445,0.008961951168134684,0.006735855158325026,0.0,0.007288136688115537,0.008356545961002786,0.009350720056252227,0.009311178434526024,0,,1,0,0,0,0,0,0,1,0,0,0,1,0,0,0,0.12411007
1,133,PRC_D2S0B1D2K1F7L1T4L3O7U4A4Z6K1T2,아동학대범죄의 처벌 등에 관한 특례법 일부개정법률안(김병욱의원등34인),김병욱,2021-01-05,,34.0,1.0,103.0,0.0,0.0,0.0,0.0,0.0,1.0,0.0,0.0,0.0,,0.0,0.0,0.0,0,0.0,0.0,0.0,0.0,0.0,0.0,0.0,0.004640698432922363,0.008512125801794307,0.00415447292868624,0.0,0.0,0.0,0.0,0.004216388021547769,0.00840840634611464,0.0,0.0,0.0,0.004384921076371498,0.026189005866493146,0.0,0.012439004846454896,0.0,0.0,0.08932516562570002,0.18206380722448998,0.06850936670893247,0.0,0,2.03125,1,0,0,0,0,1,0,0,0,1,0,1,0,0,0,0.1589544
2,134,PRC_T2H0W1O2D0I7F1C8P1P0N0Q5R1F5L1,아동학대범죄의 처벌 등에 관한 특례법 일부개정법률안(김정재의원등10인),김정재,2021-01-05,2.0,10.0,1.0,103.0,0.0,0.0,0.0,0.0,0.0,1.0,0.0,0.0,0.0,,0.0,0.0,0.0,0,0.0,0.0,0.0,0.0,0.0,0.009523809523809525,0.0,0.00876039947782244,0.01178616654305231,0.0,0.0,0.0,0.0,0.0,0.0,0.003818819068727039,0.0,0.0,0.0,0.012822622344607399,0.03708554761750357,0.004019777547745478,0.008085527022679647,0.0,0.0,0.032912729467664444,0.06900173567590259,0.0315228765919095,0.0,0,1.6666666666666667,1,0,0,1,0,1,0,0,1,0,0,1,0,0,0,0.20108895
3,143,PRC_Y2K0Y1M2T2F8F1Y1A1Y0Y5P5T8H3C4,아동학대범죄의 처벌 등에 관한 특례법 일부개정법률안(김병욱의원등34인),김병욱,2021-01-05,,34.0,1.0,103.0,0.0,0.0,0.0,0.0,0.0,1.0,0.0,0.0,0.0,,0.0,0.0,0.0,0,0.0,0.0,0.0,0.0,0.0,0.0,0.0,0.010696425772549813,0.016544378988924083,0.0,0.0,0.0,0.0,0.0,0.0,0.0,0.0,0.0,0.0,0.004782370307989288,0.00941376030793664,0.0,0.0047841023283395154,0.0,0.0,0.06309095077347338,0.14446355794605456,0.0726340263210542,0.0,0,1.9375,1,0,0,0,0,1,0,0,0,1,0,1,0,0,0,0.06174802
4,0,PRC_G2K1E0H1K0X5L1V1X1O3E1K0X3W7Z0,전통시장 및 상점가 육성을 위한 특별법 일부개정법률안(이동주의원등18인),이동주,2021-01-11,1.0,19.0,0.0,185.0,0.0,0.0,0.0,0.0,0.0,0.0,0.0,0.0,0.0,0.0,0.0,0.0,0.0,0,0.0,0.0,0.0,0.0,0.0,0.0,0.005261601163790776,0.0,0.026095178264838,0.0,0.1452441842128069,0.020999594376637384,0.011635587765620304,0.01049737594066522,0.0,0.0532932182153066,0.04996260771384606,0.01549431528800573,0.0,0.011050581932067871,0.03800025085608164,0.04339481240663773,0.010314060327334281,0.010646047118382577,0.0,0.0221769481133192,0.0,0.0,0.0,0,1.5789473684210527,1,0,1,0,1,0,0,0,0,1,1,0,0,0,0,0.13569982
5,1,PRC_V2H1J0K1U0M4V1W8A2A4F1Y5A8D3E0,코로나19 감염병 피해 소상공인등 구제에 관한 특별법안(이동주의원등22인),이동주,2021-01-11,1.0,22.0,0.0,185.0,0.0,0.0,0.0,0.0,0.0,0.0,0.0,0.0,0.0,0.0,0.0,0.0,0.0,0,0.0,0.0,0.0,0.0,0.0016835188023358496,0.0,0.0,0.0008214361768241486,0.02899090955956995,0.006442855630468457,0.07704727268312583,0.0016263873701123659,0.007041534275489186,0.016695513809511075,0.0008452551053714472,0.011290304443202144,0.0,0.0,0.0,0.023549974900583522,0.0073766059098697625,0.004239463946536198,0.0008331080414245126,0.0007910278056390854,0.0025374738461136,0.007532433567384041,0.0009813542688910696,0.002444437722345564,0.0,0,1.7272727272727273,0,1,1,0,1,0,0,0,0,1,1,0,0,0,0,0.09108943
6,2,PRC_L2O1Q0C1L0F4F1R5O2O6T1N1S9D7A6,소상공인기본법 일부개정법률안(이동주의원등17인),이동주,2021-01-11,1.0,17.0,0.0,185.0,0.0,0.0,0.0,0.0,0.0,0.0,0.0,0.0,0.0,0.0,0.0,0.0,0.0,0,0.0,0.0,0.0,0.0,0.0,0.0,0.0,0.0,0.013832132336954591,0.014518379534363116,0.026152903125399633,0.004326212343084749,0.0,0.008715821321679171,0.0,0.008630850958445716,0.0,0.004248427966284374,0.004778211394315043,0.031923903359307185,0.09199299320342048,0.0,0.008511482723175532,0.00436579045795259,0.0,0.02830046573013225,0.0,0.0,0.0043852244104657856,0,1.6470588235294117,1,0,1,0,1,0,0,0,0,1,1,0,0,0,0,0.124025166
7,3,PRC_F2O1J0G1D1B1I1K7K5D0A3K3Q6R8G4,입양특례법 일부개정법률안(양경숙의원 등 10인),양경숙,2021-01-11,1.0,11.0,0.0,185.0,0.0,0.0,0.0,0.0,0.0,0.0,0.0,0.0,0.0,0.0,0.0,0.0,0.0,0,0.0,0.0,0.0,0.0,0.0,0.0,0.004824857602174255,0.005747126436781609,0.00474494798430081,0.0,0.0,0.0,0.0,0.0,0.0,0.014062334751260692,0.0,0.0,0.0,0.009566613654980714,0.07171089176473947,0.0,0.0339532230777302,0.0,0.0,0.062179799737601446,0.11607452439165664,0.05241547747590076,0.0,0,2.3636363636363638,1,0,1,0,1,0,0,0,0,1,1,0,0,0,0,0.23631367
8,4,PRC_W2P1T0Y1F1L1W1J7C4Y9G4R0W3Q1A4,아동복지법 일부개정법률안(양경숙의원 등 10인),양경숙,2021-01-11,1.0,11.0,0.0,185.0,0.0,0.0,0.0,0.0,0.0,0.0,0.0,0.0,0.0,0.0,0.0,0.0,0.0,0,0.0,0.0,0.0,0.0,0.0,0.0,0.0,0.0,0.0481820312830118,0.0,0.0,0.0,0.0,0.0,0.0,0.0,0.0,0.0,0.0,0.02807565017060919,0.04246777427065503,0.0,0.03711442010743277,0.0,0.004421358252619649,0.10344922346073193,0.16278910374903416,0.05022842215967702,0.005246457162794176,0,2.4545454545454546,1,0,1,0,1,0,0,0,0,1,1,0,0,0,0,0.10277199
9,5,PRC_F2A1W0Y1T1H1U1U7J4D1Z4Q8I8Z3O6,사법경찰관리의 직무를 수행할 자와 그 직무범위에 관한 법률 일부개정법률안(양경숙의원 등 10인),양경숙,2021-01-11,1.0,11.0,0.0,185.0,0.0,0.0,0.0,0.0,0.0,0.0,0.0,0.0,0.0,0.0,0.0,0.0,0.0,0,0.0,0.0,0.0,0.0,0.0,0.0,0.0,0.010512004638540334,0.03161503597237598,0.0,0.0,0.0,0.0,0.0,0.0,0.0,0.0,0.0,0.0,0.018816053867340088,0.038901460924367796,0.0,0.014026779895541311,0.0,0.0,0.13373841876271128,0.19155786777364797,0.0672144060847403,0.010087398276931938,0,2.4545454545454546,1,0,1,0,1,0,0,0,0,1,1,0,0,0,0,0.18606363
10,6,PRC_R2M1D0M1K1O1N1G7X4P1G1M2H2O4F1,아동학대범죄의 처벌 등에 관한 특례법 일부개정법률안(양경숙의원 등 10인),양경숙,2021-01-11,1.0,11.0,0.0,185.0,0.0,0.0,0.0,0.0,0.0,0.0,0.0,0.0,0.0,0.0,0.0,0.0,0.0,0,0.0,0.0,0.0,0.0,0.0,0.0,0.0,0.004555433006077022,0.02597603889612051,0.0,0.0,0.0,0.0,0.0,0.0,0.0,0.0,0.013438243787367266,0.0,0.008979866465369423,0.0325514962384989,0.0,0.008989906573033595,0.0,0.0,0.11738233710383321,0.21391268320136017,0.06397828950986757,0.005246457162794176,0,2.4545454545454546,1,0,1,0,1,0,0,0,0,1,1,0,0,0,0,0.14681588
11,7,PRC_G2H0N1I2X0J2A1I7C4Q4Z0Z5C8C7J2,가정폭력범죄의 처벌 등에 관한 특례법 일부개정법률안(권인숙의원등10인),권인숙,2021-01-11,1.0,11.0,0.0,185.0,0.0,0.0,0.0,0.0,0.0,0.0,0.0,0.0,0.0,0.0,0.0,0.0,0.0,0,0.0,0.0,0.0,0.0,0.0,0.0,0.004506926821625751,0.0047226943399595175,0.013948807573836782,0.0,0.0,0.0,0.0,0.0,0.0,0.0,0.0,0.009558815994988317,0.0,0.01336915953003842,0.0,0.0,0.0,0.0,0.004512028525704923,0.047431286910305855,0.009493877706320389,0.07576157768135486,0.032552455430445465,0,1.4545454545454546,1,0,1,0,1,0,0,0,0,1,1,0,0,0,0,0.21896471
12,8,PRC_R2C1V0M1R0I5E1S1V1O4V2J6B4W2E3,집합건물의 소유 및 관리에 관한 법률 일부개정법률안(이동주의원등13인),이동주,2021-01-11,1.0,13.0,0.0,185.0,0.0,0.0,0.0,0.0,0.0,0.0,0.0,0.0,0.0,0.0,0.0,0.0,0.0,0,0.0,0.0,0.0,0.0,0.00422966682795182,0.0,0.0,0.0,0.01772501167741794,0.0,0.0,0.0,0.012964039751626914,0.01566632569414898,0.0,0.0,0.00828785948382998,0.0,0.0,0.0,0.051940008853245706,0.008396717240509478,0.004121053855396011,0.0,0.0,0.02903577830027608,0.0,0.0,0.00392208168807539,0,1.6923076923076923,1,0,1,0,1,0,0,0,0,1,1,0,0,0,0,0.14141834
13,9,PRC_B2C1I0Z1X1J1B1T7H3U3U2Y3J7N5J2,공익증진을 위한 시민사회발전 기본법안(진선미의원 등 10인),진선미,2021-01-11,3.0,10.0,0.0,185.0,0.0,0.0,0.0,0.0,0.0,0.0,0.0,0.0,0.0,0.0,0.0,0.0,0.0,0,0.0,0.0,0.0,0.0,0.0,0.0,0.0029632122077666466,0.0,0.04871426119270738,0.013943666585515983,0.010332866911423336,0.03795292618472654,0.0030568820905168994,0.001454947872712724,0.0,0.006085221302638415,0.0030804368993435525,0.0029239820229017346,0.004890335488405469,0.05206178360036995,0.010397144280616126,0.03640756624270002,0.002978796670583181,0.024092767212795435,0.0014818397885195185,0.0015989524793108448,0.0,0.004462029636982116,0.017624243932510542,0,1.6,0,1,0,1,1,0,0,0,1,0,1,0,0,0,0,0.03471501
14,10,PRC_D2Y1L0K1Y1V1U1J7O3X2X4S2X9U2N7,대한지방행정공제회법 일부개정법률안(진선미의원 등 10인),진선미,2021-01-11,3.0,10.0,0.0,185.0,0.0,0.0,0.0,0.0,0.0,0.0,0.0,0.0,0.0,0.0,0.0,0.0,0.0,0,0.0,0.0,0.0,0.0,0.01591796008023349,0.0,0.0,0.0050247806491273824,0.20722650939768011,0.0,0.0,0.0,0.004871249560153845,0.0,0.0,0.004943123730746182,0.0,0.0,0.0,0.05870789433970596,0.010079748702771736,0.0,0.009736198367494526,0.0,0.03190451318567449,0.010155795559738622,0.0,0.015565405108711936,0.0,0,1.7,1,0,0,1,1,0,0,0,1,0,1,0,0,0,0,0.16543633
15,11,PRC_M2L1T0U1I1V1A1B7C2J4X3N8W7K2L5,폐기물처리시설 설치촉진 및 주변지역지원 등에 관한 법률 일부개정법률안(박대수의원 등 10인),박대수,2021-01-11,1.0,10.0,0.0,103.0,0.0,0.0,0.0,0.0,0.0,0.0,0.0,0.0,0.0,0.0,0.0,0.0,0.0,0,0.0,0.0,0.0,0.0,0.0,0.0,0.0,0.0,0.020123284670614427,0.0,0.0,0.03428875198287348,0.006828680153815977,0.0,0.0,0.04616967372355923,0.027350984754100922,0.0,0.0,0.0,0.0,0.06336550606835273,0.0,0.03447813420526443,0.0,0.0,0.0,0.0,0.0,0,1.2,1,0,1,0,0,1,0,0,1,0,1,0,0,0,0,0.0764096
16,12,PRC_Z2R0O1U2Z2G9X1N0P2I9N2B0L2R7T9,지방세특례제한법 일부개정법률안(김회재의원 등 12인),김회재,2021-01-11,1.0,12.0,0.0,185.0,0.0,0.0,0.0,0.0,0.0,0.0,0.0,0.0,0.0,0.0,0.0,0.0,0.0,0,0.0,0.0,0.0,0.0,0.0,0.0,0.0,0.0,0.0,0.003910717211271587,0.003902233388435327,0.024433879190654845,0.1188231347280256,0.0,0.0,0.07493072947816985,0.003921479699714332,0.0,0.0,0.003925440414100172,0.0,0.023192285065445604,0.0,0.0,0.0,0.003836384230253229,0.0,0.0,0.0039059819216933547,0,1.3333333333333333,1,0,0,1,1,0,0,0,1,0,1,0,0,0,0,0.55196375
17,13,PRC_S2L1X0H1T1V1K1J6Q3A3D1L2Q2N1D2,지방자치단체 공무직근로자에 관한 법률안(진선미의원 등 10인),진선미,2021-01-11,3.0,10.0,0.0,185.0,0.0,0.0,0.0,0.0,0.0,0.0,0.0,0.0,0.0,0.0,0.0,0.0,0.0,0,0.0,0.0,0.0,0.0,0.0,0.0011560693641618498,0.0009489130422559087,0.0,0.09263727954357345,0.0,0.001913878063246005,0.0028345272031133576,0.0,0.0,0.0,0.0009429079948822198,0.0009597964369492724,0.0019528309733881427,0.0,0.028330511095895933,0.022077888491525817,0.0018572768724033598,0.01153013499485964,0.004776018961316588,0.07179417692856982,0.004002390155902488,0.0,0.043857310962125744,0.00474199725024273,0,1.7,0,1,0,1,1,0,0,0,1,0,1,0,0,0,0,0.13597378
18,14,PRC_Y2O1M0B1L1E1P1L6A3D2P0Y1W6R0B6,지방자치단체를 당사자로 하는 계약에 관한 법률 일부개정법률안(진선미의원 등 10인),진선미,2021-01-11,3.0,11.0,0.0,185.0,0.0,0.0,0.0,0.0,0.0,0.0,0.0,0.0,0.0,0.0,0.0,0.0,0.0,0,0.0,0.0,0.0,0.0,0.0,0.0,0.0,0.0,0.07024878504300358,0.0,0.0,0.0,0.0,0.0,0.0,0.0,0.0,0.0,0.0,0.04552404146001796,0.004059821066230235,0.0,0.0,0.0,0.13241191133104188,0.0,0.0,0.02967881253271392,0.004243697481926041,0,1.4545454545454546,1,0,0,1,1,0,0,0,1,0,1,0,0,0,0,0.18378733
19,15,PRC_F2A0U1A2H0K2O1Q5K0J5I5O2I5H8Q5,국가인권위원회법 일부개정법률안(김영호의원등10인),김영호,2021-01-11,2.0,10.0,0.0,185.0,0.0,0.0,0.0,0.0,0.0,0.0,0.0,0.0,0.0,0.0,0.0,0.0,0.0,0,0.0,0.0,0.0,0.0,0.0,0.0,0.025570587846967908,0.08452231936984592,0.02729755507575141,0.0,0.0,0.0,0.0,0.0,0.0,0.0108748722076416,0.0,0.0,0.0,0.0036291127734714083,0.02578214618894789,0.0,0.014282279544406466,0.0,0.0,0.07997216675016615,0.0,0.019296235508388944,0.0,0,1.6,1,0,0,1,1,0,0,0,1,0,1,0,0,0,0,0.38386318
20,16,PRC_B2W0B1R2G1H1X1D0A3E5B5O3R3B2E1,축산물 위생관리법 일부개정법률안(홍문표의원등10인),홍문표,2021-01-11,4.0,10.0,0.0,103.0,0.0,0.0,0.0,0.0,0.0,0.0,0.0,0.0,0.0,0.0,0.0,0.0,0.0,0,0.0,0.0,0.0,0.0,0.0,0.0,0.0,0.0,0.0154410193425528,0.0,0.0,0.0,0.0,0.0,0.0,0.021233137349904695,0.058391618062250364,0.0,0.04318566574072986,0.0101847463513013,0.1286806697430818,0.0,0.0,0.005002384970647208,0.0,0.10383509515975572,0.0,0.0,0.0,0,2.3,1,0,0,1,0,1,0,0,0,1,1,0,0,0,0,0.11422541
21,17,PRC_I2W1S0I1S1A1P1A4H4S0S4S2G6E6H8,군인의 지위 및 복무에 관한 기본법 일부개정법률안(전주혜의원 등 10인),전주혜,2021-01-11,1.0,10.0,0.0,103.0,0.0,0.0,0.0,0.0,0.0,0.0,0.0,0.0,0.0,0.0,0.0,0.0,0.0,0,0.0,0.0,0.0,0.0,0.0,0.0,0.0,0.0,0.011707852072749577,0.0,0.0,0.0,0.0,0.0,0.0,0.0,0.0,0.0,0.0,0.0,0.0,0.0,0.0,0.0,0.024311831656922685,0.012372829389910326,0.023298278768011865,0.053581931066851246,0.005850452903314685,0,1.0,1,0,1,0,0,1,0,0,1,0,1,0,0,0,0,0.10045722
22,18,PRC_J2R1O0F1N1H1G1B4L2S5I5W7C0U2I0,고용보험법 일부개정법률안(권명호의원 등 10인),권명호,2021-01-11,1.0,10.0,0.0,103.0,0.0,0.0,0.0,0.0,0.0,0.0,0.0,0.0,0.0,0.0,0.0,0.0,0.0,0,0.0,0.0,0.0,0.0,0.0,0.0,0.0,0.0,0.0,0.0,0.04494195308116888,0.0,0.0,0.0,0.0,0.016554523382755305,0.0,0.016161186805624048,0.0,0.07522445364503672,0.0,0.0,0.0,0.0,0.058354880636101523,0.005373608592330225,0.0,0.07021695375442505,0.016232871456651497,0,2.4,1,0,0,1,0,1,0,0,0,1,1,0,0,0,0,0.1230056
23,19,PRC_V2F1M0Y1L1N1Y1A4E2Y0T2B9J5Z7Q1,농업협동조합법 일부개정법률안(이개호의원 등 16인),이개호,2021-01-11,3.0,16.0,0.0,185.0,0.0,0.0,0.0,0.0,0.0,0.0,0.0,0.0,0.0,0.0,0.0,0.0,0.0,0,0.0,0.0,0.0,0.0,0.0,0.0,0.0,0.0,0.004915206906307174,0.0016696405219265736,0.021600241402545607,0.0,0.008501569669409448,0.04949253941156778,0.0,0.0282640895211553,0.010239858584231641,0.0016123551920235876,0.059357478436696004,0.026776097266070813,0.016930138370598178,0.01379864390595371,0.006863584480132444,0.003273185477199325,0.0,0.006869823578371102,0.0,0.0,0.0067765549962300374,0,1.8125,1,0,0,1,1,0,0,0,0,1,1,0,0,0,0,0.6234901
24,20,PRC_M2Q1H0V1R1D1K1F4I1S9F1T4J6I9B8,고용보험 및 산업재해보상보험의 보험료징수 등에 관한 법률 일부개정법률안(권명호의원 등 10인),권명호,2021-01-11,1.0,10.0,0.0,103.0,0.0,0.0,0.0,0.0,0.0,0.0,0.0,0.0,0.0,0.0,0.0,0.0,0.0,0,0.0,0.0,0.0,0.0,0.0,0.0,0.0,0.0,0.0,0.0,0.02805026485161348,0.004881147633899342,0.0,0.0,0.0,0.00957187366756526,0.004717181352051822,0.004549451172351837,0.0,0.08448517661203038,0.00456654280424118,0.014487977054986086,0.004648920487273823,0.004741440442475406,0.07327715002677658,0.00925820761106231,0.0,0.07029895958575336,0.02312169224023819,0,2.4,1,0,0,1,0,1,0,0,0,1,1,0,0,0,0,0.05136673
25,21,PRC_A2D1Y0B1Z1J1N1D3A5M5I0H3D9S9M0,농지법 일부개정법률안(김승남의원 등 10인),김승남,2021-01-11,2.0,11.0,0.0,185.0,0.0,0.0,0.0,0.0,0.0,0.0,0.0,0.0,0.0,0.0,0.0,0.0,0.0,0,0.0,0.0,0.0,0.0,0.0,0.0,0.0,0.0,0.0056330874814825545,0.008311305005671614,0.027649544053158517,0.17744390277539268,0.016946801896822655,0.002808457309916868,0.002820717076123771,0.03691423020120394,0.014263892981965664,0.0,0.040992567700854805,0.011574270765660174,0.0,0.08333882416708994,0.0,0.11418069843518532,0.0,0.002717980691942118,0.0,0.002772435697458558,0.0,0,1.7272727272727273,1,0,0,1,1,0,0,0,1,0,1,0,0,0,0,0.72446376
26,22,PRC_T2Z0E1V2G1O1P2R0R5Q7H2J5C7W2M4,독점규제 및 공정거래에 관한 법률 일부개정법률안(배진교의원등11인),배진교,2021-01-11,1.0,11.0,0.0,185.0,0.0,0.0,0.0,0.0,0.0,0.0,0.0,0.0,0.0,0.0,0.0,0.0,0.0,0,0.0,0.0,0.0,0.0,0.0,0.0,0.006276353505941538,0.04001421148960407,0.0,0.0,0.0,0.0,0.0,0.0,0.0,0.0,0.025821729806753305,0.0,0.0,0.006250371841283945,0.0,0.0,0.0,0.0,0.0,0.014150013373448298,0.0,0.0,0.00621499098264254,0,1.2727272727272727,1,0,1,0,0,0,1,0,0,1,1,0,0,0,0,0.094339035
27,23,PRC_D2P1X0X1R0C5Y1Y4N5K9K2I0P2F0N1,원자력안전법 일부개정법률안(김상희의원등12인),김상희,2021-01-11,4.0,12.0,0.0,185.0,0.0,0.0,0.0,0.0,0.0,0.0,0.0,0.0,0.0,0.0,0.0,0.0,0.0,0,0.0,0.0,0.0,0.0,0.0,0.0,0.0,0.0,0.041590767012116656,0.0,0.00443389007399754,0.013411300287720907,0.0,0.0,0.0,0.004430674057639106,0.0,0.0044822307581401,0.004449327347686936,0.004569664844491864,0.02855687016281634,0.02055464726126655,0.00938052037802849,0.05129838187391587,0.0,0.07158591338942723,0.0,0.0,0.0047988763171664915,0,1.8333333333333333,1,0,0,1,1,0,0,0,0,1,1,0,0,0,0,0.34005052
28,24,PRC_D2R1K0N1O1Q1T1S1A3W8K1N6X7K0K7,정보통신망 이용촉진 및 정보보호 등에 관한 법률 일부개정법률안(허은아의원 등 12인),허은아,2021-01-11,1.0,12.0,0.0,103.0,0.0,0.0,0.0,0.0,0.0,0.0,0.0,0.0,0.0,0.0,0.0,0.0,0.0,0,0.0,0.0,0.0,0.0,0.0,0.0,0.0,0.004521015347266684,0.0,0.0,0.0,0.0,0.009027280065478111,0.0,0.0,0.0,0.014843513770979278,0.04274225478269616,0.0,0.0,0.008203223043558548,0.0,0.0,0.004158281550115469,0.0,0.008946577809294877,0.0,0.0,0.06061276519785122,0,1.3333333333333333,1,0,1,0,0,1,0,0,0,1,1,0,0,0,0,0.081046365
29,25,PRC_Q2S1I0Q1B1M1L1T1Z1E9Y2D4W4U0M9,남북협력기금법 일부개정법률안(김석기의원 등 15인),김석기,2021-01-11,2.0,15.0,0.0,103.0,0.0,0.0,0.0,0.0,0.0,0.0,0.0,0.0,0.0,0.0,0.0,0.0,0.0,0,0.0,0.0,0.0,0.0,0.0,0.0,0.02207133123430155,0.0,0.021750682996491254,0.02103065232099113,0.0,0.027295102507381114,0.014351802357172563,0.0418109580621881,0.0,0.014678971242096465,0.0,0.0,0.0,0.0,0.0205617774341066,0.04176226207765482,0.0,0.028765795089430727,0.0,0.0,0.0,0.0,0.007180845333357989,0,2.066666666666667,1,0,0,1,0,1,0,0,0,1,1,0,0,0,0,0.045924917
30,26,PRC_D2B1S0L1N1L1Y1S1A1X4X2C9J2D6F0,북한인권법 일부개정법률안(김석기의원 등 15인),김석기,2021-01-11,2.0,15.0,0.0,103.0,0.0,0.0,0.0,0.0,0.0,0.0,0.0,0.0,0.0,0.0,0.0,0.0,0.0,0,0.0,0.0,0.0,0.0,0.07200358382293157,0.03568443826266698,0.02857142857142857,0.0,0.0,0.0,0.0,0.0,0.0,0.0,0.0,0.0,0.0,0.0,0.0,0.0,0.011592961209160941,0.0,0.0,0.0,0.0,0.0,0.0,0.0,0.0,0,2.066666666666667,1,0,0,1,0,1,0,0,0,1,1,0,0,0,0,0.0032706764
31,27,PRC_R2Q1R0P1Y1U1N1Y1B1X2Z0Z1G2X2R9,도로교통법 일부개정법률안(김병욱의원 등 18인),김병욱,2021-01-11,2.0,18.0,0.0,185.0,0.0,0.0,0.0,0.0,0.0,0.0,0.0,0.0,0.0,0.0,0.0,0.0,0.0,0,0.0,0.0,0.0,0.0,0.0,0.0,0.0,0.0,0.01840121637691151,0.0,0.0,0.00468980690295046,0.0,0.0,0.11968473175709898,0.042285541919144715,0.013829755173488096,0.0,0.0,0.0,0.0,0.18848704986951567,0.0,0.0,0.0,0.0048038973049684,0.0,0.0,0.004687010564587333,0,2.1666666666666665,1,0,0,1,1,0,0,0,0,1,1,0,0,0,0,0.11091775
32,28,PRC_A2T0T1K2J1C6E1I4J0L2D2V4N7N7L6,물류정책기본법 일부개정법률안(위성곤의원 등 12인),위성곤,2021-01-11,2.0,12.0,0.0,185.0,0.0,0.0,0.0,0.0,0.0,0.0,0.0,0.0,0.0,0.0,0.0,0.0,0.0,0,0.0,0.0,0.0,0.0,0.0,0.0,0.0,0.0,0.0,0.0,0.0,0.0,0.0,0.0,0.0,0.0,0.0,0.0,0.0,0.0,0.0,0.0,0.0,0.0,0.0,0.0,0.0,0.0,0.0,0,2.0833333333333335,1,0,0,1,1,0,0,0,0,1,1,0,0,0,0,0.19483398
33,29,PRC_A2A1A0N1A0U5B1R0U3L0W1W5Q5K0M2,감염병의 예방 및 관리에 관한 법률 일부개정법률안(김성주의원등10인),김성주,2021-01-11,2.0,11.0,0.0,185.0,0.0,0.0,0.0,0.0,0.0,0.0,0.0,0.0,0.0,0.0,0.0,0.0,0.0,0,0.0,0.0,0.0,0.0,0.0,0.0,0.004585529505873526,0.0,0.009268679432362818,0.0,0.020126301483069053,0.008966873477957103,0.014191447023572869,0.0,0.0,0.028303017496396708,0.0,0.0,0.026994243014458172,0.0,0.06307109840755357,0.05755720058632963,0.02884648099291924,0.004503113597464961,0.0,0.01439244587328181,0.0,0.0,0.0,0,1.3636363636363635,1,0,0,1,1,0,0,0,1,0,1,0,0,0,0,0.23775703
34,30,PRC_E2Z1N0U1Y0I7P1Z4Q0I0V3X5A5R1V0,성별영향평가법 일부개정법률안(신영대의원등11인),신영대,2021-01-11,1.0,12.0,0.0,185.0,0.0,0.0,0.0,0.0,0.0,0.0,0.0,0.0,0.0,0.0,0.0,0.0,0.0,0,0.0,0.0,0.0,0.0,0.0,0.01728469210121253,0.0,0.0,0.03235304457946908,0.021320569412902703,0.0,0.0034672784191344427,0.014536589511985942,0.0,0.0,0.021868961563437792,0.0,0.014595682017281331,0.0,0.027901183637938275,0.03266936924324527,0.017561499141316557,0.017834684623669144,0.02098222505381179,0.011125681737973455,0.02193144897534612,0.0,0.017575317186347406,0.0318626904692261,0,1.4166666666666667,1,0,0,1,1,0,0,0,0,1,1,0,0,0,0,0.07845865
35,31,PRC_B2J1F0P1J0R6Y0U9J0B1F5F2F5K4V1,공항소음 방지 및 소음대책지역 지원에 관한 법률 일부개정법률안(이용선의원등10인),이용선,2021-01-11,1.0,11.0,0.0,185.0,0.0,0.0,0.0,0.0,0.0,0.0,0.0,0.0,0.0,0.0,0.0,0.0,0.0,0,0.0,0.0,0.0,0.0,0.0,0.0,0.0,0.0,0.03338215225621274,0.0032630273205066017,0.0,0.0068076600429982795,0.010730352961582694,0.0,0.007018121630556671,0.019857522929728273,0.0,0.0,0.0,0.01703700193992028,0.0,0.05287665249365062,0.00362058086433874,0.006619590979356032,0.006647281318540998,0.006701573427872137,0.0,0.0,0.00333888858918719,0,1.0909090909090908,1,0,0,1,1,0,0,0,0,1,1,0,0,0,0,0.13053481
36,32,PRC_B2U0D1K1Y2G7O1N6O0I0Y4U6M0C5C7,복권 및 복권기금법 일부개정법률안(김주영의원등16인),김주영,2021-01-11,1.0,17.0,0.0,185.0,0.0,0.0,0.0,0.0,0.0,0.0,0.0,0.0,0.0,0.0,0.0,0.0,0.0,0,0.0,0.0,0.0,0.0,0.0,0.0,0.0,0.0,0.0,0.01771013430733094,0.0,0.008604165067009747,0.053991359185407505,0.03264308167013893,0.0,0.018525332690560243,0.028163668943598945,0.04938786807544729,0.0,0.06917755680288223,0.0,0.017585866591509652,0.009112753332617449,0.0,0.0,0.0,0.010220820572287003,0.009173517558663925,0.035791154532509056,0,1.3529411764705883,1,0,0,1,1,0,0,0,1,0,1,0,0,0,0,0.23579127
37,33,PRC_Q2R0J1K2E1B8Z1N0C2S2E1W8A6V3O1,감염병의 예방 및 관리에 관한 법률 일부개정법률안(전용기의원 등 10인),전용기,2021-01-08,1.0,10.0,0.0,185.0,1.0,0.0,0.0,0.0,0.0,0.0,0.0,0.0,0.0,,0.0,0.0,0.0,0,0.0,0.0,0.0,0.0,0.0,0.0,0.0,0.0,0.03818794858196507,0.04341768667749737,0.0043615983880084495,0.004526700986468274,0.004553431078143742,0.0,0.0,0.026687824531741764,0.0,0.0044091509088225985,0.0,0.02712467766326407,0.15809814826301907,0.0,0.017485546029132347,0.00451651085977969,0.0,0.018263317320657814,0.0,0.0,0.004391026237736578,0,1.6,1,0,1,0,1,0,0,0,0,1,1,0,0,0,0,0.19597648
38,34,PRC_T2S0F1G1D1T0P1F4S0F8U3W0F8L1J9,아동·청소년의 성보호에 관한 법률 일부개정법률안(최혜영의원 등 20인),최혜영,2021-01-08,1.0,20.0,0.0,185.0,0.0,0.0,0.0,0.0,0.0,0.0,0.0,0.0,0.0,,1.0,0.0,0.0,0,0.0,0.0,0.0,0.0,0.0,0.0,0.0,0.01169815840928451,0.0,0.0,0.017780151833658633,0.0,0.0,0.0,0.0,0.01810073593388433,0.03045092199159705,0.04350406631179478,0.0,0.0,0.014872378888337508,0.007173000211301057,0.0,0.0035384351792542832,0.0,0.023106560758922413,0.09607468947120335,0.0037753504255543585,0.007199217703031457,0,1.65,1,0,1,0,1,0,0,0,0,1,1,0,0,0,0,0.052634098
39,35,PRC_X2O1E0A1B0F7H1N6Y2L7I4A0T8W2N1,복권 및 복권기금법 일부개정법률안(강선우의원등15인),강선우,2021-01-08,1.0,16.0,0.0,185.0,0.0,0.0,0.0,0.0,0.0,0.0,0.0,0.0,1.0,,0.0,0.0,0.0,0,0.0,0.0,0.0,0.0,0.0,0.0,0.0,0.0,0.007967184348539873,0.042436195142341385,0.002479259173075358,0.002448108701994925,0.015730090936024985,0.01968803676691922,0.0,0.017939076459769047,0.0025158300544276383,0.0,0.0,0.041627146980979225,0.0408161613074216,0.014843076286893903,0.027824123339219527,0.0024943460117686877,0.0,0.03074149742270961,0.12399090257557956,0.017487170840754653,0.010163848689108183,0,1.875,1,0,0,1,1,0,0,0,0,1,1,0,0,0,0,0.14274333
40,36,PRC_G2T1X0T1O0T7M1O6W2B8G2R2U8G8A0,국가재정법 일부개정법률안(강선우의원등14인),강선우,2021-01-08,1.0,15.0,0.0,185.0,0.0,0.0,0.0,0.0,0.0,0.0,0.0,0.0,1.0,,0.0,0.0,0.0,0,0.0,0.0,0.0,0.0,0.0,0.0,0.0,0.0,0.007991400714340905,0.0400659030694005,0.0024867949152427606,0.002455549761879408,0.01577790276257825,0.01729790581033585,0.0,0.01799360252803582,0.0025234769542891206,0.0,0.0,0.030572835072920315,0.040940222587991265,0.014888192020288717,0.02272910586244067,0.0025019276105886536,0.0,0.030834936624602342,0.1186000322498449,0.017540323335711355,0.007687404887654499,0,1.8,1,0,0,1,1,0,0,0,0,1,1,0,0,0,0,0.13148408
41,37,PRC_J2G0V1M2N1D0V1U7S4L9B1L9G8U7R0,대규모유통업에서의 거래 공정화에 관한 법률 일부개정법률안(송재호의원등10인),송재호,2021-01-08,1.0,10.0,0.0,185.0,0.0,0.0,0.0,0.0,0.0,0.0,0.0,0.0,0.0,,0.0,0.0,0.0,0,0.0,0.0,0.0,1.0,0.0,0.0,0.0,0.0,0.0,0.015150105953216553,0.00740738185969266,0.0,0.0,0.058392061428590256,0.0,0.07046572891148654,0.05949267148971558,0.0,0.0,0.02332860285585577,0.02957023490558971,0.0,0.0,0.0,0.0,0.0,0.0,0.0,0.003749608451669866,0,1.3,1,0,0,1,1,0,0,0,0,1,1,0,0,0,0,0.13140671
42,38,PRC_W2Y1R0Q1O0M7Y1I6Z3G0Y3Q9U5B4B3,아동복지법 일부개정법률안(강선우의원 등 15인),강선우,2021-01-08,1.0,16.0,0.0,185.0,1.0,0.0,0.0,0.0,0.0,0.0,0.0,0.0,0.0,,0.0,0.0,0.0,0,0.0,0.0,0.0,0.0,0.0,0.0,0.0,0.0,0.00794311430519081,0.042307989114721015,0.002471768964093257,0.002440712603197357,0.015682568002683517,0.017193386741995453,0.0,0.01788487985415041,0.002508229359399156,0.0,0.0,0.034966275771218844,0.04836865530273345,0.014798233156117788,0.020017623541218277,0.0024868102232134953,0.0,0.03307529500604036,0.12333920084817893,0.019902836880294938,0.005119877639493914,0,1.875,1,0,0,1,1,0,0,0,0,1,1,0,0,0,0,0.116747335
43,39,PRC_Y2J0Q1P1O2A4B1W7Z3T1W0L7K0M5F0,게임산업진흥에 관한 법률 일부개정법률안(유정주의원등10인),유정주,2021-01-08,1.0,10.0,0.0,185.0,0.0,0.0,0.0,1.0,0.0,0.0,0.0,0.0,0.0,,0.0,0.0,0.0,0,0.0,0.0,0.0,0.0,0.0,0.0,0.0,0.0,0.0,0.0,0.012449546777285062,0.014852112623361441,0.0,0.0,0.0,0.0,0.0361314975298368,0.19528194170731764,0.0,0.00501635349713839,0.0,0.0,0.0,0.0,0.0,0.01026613528911884,0.0,0.0,0.1721458464402419,0,1.7,1,0,1,0,1,0,0,0,1,0,1,0,0,0,0,0.036229137
44,40,PRC_G2Q1S0C1T0C8O1R7P1B6X2J1U7S8D9,낙동강수계 물관리 및 주민지원 등에 관한 법률 일부개정법률안(임종성의원 등 10인),임종성,2021-01-08,2.0,10.0,0.0,185.0,0.0,0.0,0.0,0.0,0.0,0.0,0.0,0.0,0.0,,0.0,0.0,0.0,0,0.0,1.0,0.0,0.0,0.0,0.0,0.0,0.0,0.034060340914232975,0.0,0.0,0.011064170557877112,0.017578987417549923,0.0,0.0,0.011945645562533675,0.0,0.011895255384774043,0.0,0.017833352911061254,0.011136430707471124,0.02373507886097349,0.0,0.005937382270549906,0.0,0.023670296011299923,0.017520925505407927,0.0,0.011820121469168828,0,2.1,1,0,0,1,1,0,0,0,1,0,1,0,0,0,0,0.24085517
45,41,PRC_E2T1C0K1N0W8V1Z7N1A0U4T2Y3F9S9,영산강·섬진강수계 물관리 및 주민지원 등에 관한 법률 일부개정법률안(임종성의원 등 10인),임종성,2021-01-08,2.0,10.0,0.0,185.0,0.0,0.0,0.0,0.0,0.0,0.0,0.0,0.0,0.0,,0.0,0.0,0.0,0,0.0,1.0,0.0,0.0,0.0,0.0,0.0,0.0,0.03227940805597243,0.0,0.0,0.010485651835896611,0.016659824676763,0.0,0.0,0.01132103664423126,0.0,0.00563664062350404,0.0,0.016900890013750863,0.010554133677015118,0.022494028985889907,0.0,0.005626930909998277,0.0,0.022432633474761366,0.016604798681595746,0.0,0.005601037951076732,0,2.1,1,0,0,1,1,0,0,0,1,0,1,0,0,0,0,0.21514508
46,42,PRC_N2L1G0A1T0K8C1Z7A0B2E2F8Y4W6H3,금강수계 물관리 및 주민지원 등에 관한 법률 일부개정법률안(임종성의원 등 10인),임종성,2021-01-08,2.0,10.0,0.0,185.0,0.0,0.0,0.0,0.0,0.0,0.0,0.0,0.0,0.0,,0.0,0.0,0.0,0,0.0,1.0,0.0,0.0,0.0,0.0,0.0,0.0,0.03270694988452836,0.0,0.0,0.010624534641670076,0.01688048460625655,0.0,0.0,0.011470984149452867,0.0,0.005711298115206081,0.0,0.01712474286161511,0.010693923527041807,0.022791963144643417,0.0,0.0,0.0,0.02272975444793701,0.016824729789961253,0.0,0.005675223884203576,0,2.1,1,0,0,1,1,0,0,0,1,0,1,0,0,0,0,0.2161241
47,43,PRC_P2P1O0H1E0F8I1A6M5H9V1M4P3A2P5,한강수계 상수원수질개선 및 주민지원 등에 관한 법률 일부개정법률안(임종성의원 등 10인),임종성,2021-01-08,2.0,10.0,0.0,185.0,0.0,0.0,0.0,0.0,0.0,0.0,0.0,0.0,0.0,,0.0,0.0,0.0,0,0.0,1.0,0.0,0.0,0.0,0.0,0.0,0.0,0.03227940805597243,0.0,0.0,0.010485651835896611,0.016659824676763,0.0,0.0,0.01132103664423126,0.0,0.00563664062350404,0.0,0.016900890013750863,0.010554133677015118,0.022494028985889907,0.0,0.0,0.0,0.022432633474761366,0.016604798681595746,0.0,0.005601037951076732,0,2.1,1,0,0,1,1,0,0,0,1,0,1,0,0,0,0,0.22271484
48,44,PRC_X2T1H0T1P0X8D1B6B3K1J4T5X9X0J9,취업 후 학자금 상환 특별법 일부개정법률안(구자근의원 등 12인),구자근,2021-01-08,1.0,12.0,0.0,103.0,0.0,0.0,0.0,0.0,0.0,0.0,0.0,0.0,0.0,,0.0,0.0,0.0,0,0.0,0.0,1.0,0.0,0.0,0.0,0.0,0.0,0.0,0.02791998980163168,0.006177431276995873,0.0030485534396008395,0.009270497601295152,0.0,0.0,0.0030949106687828613,0.0,0.0,0.0,0.03207347261588383,0.0,0.0,0.016041630574505594,0.0,0.018496701019345127,0.013472542563318753,0.0,0.0315908209452611,0.0,0,1.75,1,0,0,1,0,1,0,0,0,1,1,0,0,0,0,0.093404084
49,45,PRC_C2K0D1Y2A3M0O1B0T5C7R5P8M8U1E6,민사집행법 일부개정법률안(임종성의원등11인),임종성,2021-01-08,2.0,11.0,0.0,185.0,0.0,0.0,0.0,0.0,0.0,1.0,0.0,0.0,0.0,,0.0,0.0,0.0,0,0.0,0.0,0.0,0.0,0.0,0.0,0.0,0.007332862400617756,0.0,0.0,0.0,0.0,0.0,0.0,0.0,0.0,0.0,0.0,0.0,0.0,0.0,0.0,0.0,0.007648133352154591,0.0,0.0,0.00819672131147541,0.0,0.013230237804475378,0,2.272727272727273,1,0,0,1,1,0,0,0,1,0,1,0,0,0,0,0.09839829
50,46,PRC_S2U1W0R1U0O8O1J6H0Q0I2K8U9Z8V5,식품위생법 일부개정법률안(전용기의원 등 12인),전용기,2021-01-08,1.0,12.0,0.0,185.0,1.0,0.0,0.0,0.0,0.0,0.0,0.0,0.0,0.0,,0.0,0.0,0.0,0,0.0,0.0,0.0,0.0,0.0,0.0,0.0,0.0,0.005065498176527901,0.0,0.0,0.0,0.0,0.0,0.0,0.0,0.005103762895783032,0.0,0.0,0.020900625758375858,0.04601134405545662,0.0,0.034029517071378745,0.0,0.0,0.03232151123643653,0.0,0.0,0.0,0,1.6666666666666667,1,0,1,0,1,0,0,0,1,0,1,0,0,0,0,0.28320086
51,47,PRC_F2I1I0N1C0I8M1Q5E5I8J4E4P5A1C9,공익사업을 위한 토지 등의 취득 및 보상에 관한 법률 일부개정법률안(유경준의원 등 10인),유경준,2021-01-08,1.0,10.0,0.0,103.0,0.0,0.0,0.0,0.0,0.0,0.0,0.0,1.0,0.0,,0.0,0.0,0.0,0,0.0,0.0,0.0,0.0,0.0,0.0,0.0,0.0,0.006371010793372989,0.0,0.02220153366215527,0.0,0.03537427028641105,0.0,0.0,0.013498314656317234,0.0,0.0032331133261322975,0.0,0.0,0.0,0.0,0.0,0.0,0.0,0.010380699299275875,0.0,0.0,0.0,0,1.5,1,0,0,1,0,1,0,0,1,0,1,0,0,0,0,0.15411128
52,48,PRC_Y2Q1T0X1K0K8S1A5D5T8J0U0N7L6D1,국민기초생활 보장법 일부개정법률안(유경준의원 등 10인),유경준,2021-01-08,1.0,10.0,0.0,103.0,1.0,0.0,0.0,0.0,0.0,0.0,0.0,0.0,0.0,,0.0,0.0,0.0,0,0.0,0.0,0.0,0.0,0.0,0.0,0.0,0.0,0.0,0.008691998238259174,0.0,0.0,0.0,0.0,0.0,0.013015139610209364,0.0,0.0,0.0,0.07864239146100714,0.026539763871659624,0.0,0.012835134851171616,0.0,0.0,0.0,0.0,0.0,0.0,0,1.3,1,0,0,1,0,1,0,0,1,0,1,0,0,0,0,0.13414398
53,49,PRC_A2T1U0O1W0F8H1W5C4H5H4R8S2C3N9,국회예산정책처법 일부개정법률안(태영호의원 등 11인),태영호,2021-01-08,1.0,11.0,0.0,103.0,0.0,0.0,0.0,0.0,1.0,0.0,0.0,0.0,0.0,,0.0,0.0,0.0,0,0.0,0.0,0.0,0.0,0.009900990099009901,0.0,0.0,0.0,0.027897993821908933,0.12812981216034086,0.012222159026872993,0.00799877100651807,0.0,0.00846301270003366,0.004017900712419265,0.008180590549317917,0.0,0.004044223539900071,0.0,0.028556252470110902,0.02123286523441277,0.007953190567469832,0.008405317764471072,0.03765177667731106,0.0,0.013442233057305365,0.0,0.0,0.008167463954132382,0,1.6363636363636365,1,0,0,1,0,1,0,0,1,0,1,0,0,0,0,0.050997734
54,50,PRC_W2N1K0E1B0I8P1V5M4X1Y4G8T6L5U4,자동차관리법 일부개정법률안(태영호의원 등 11인),태영호,2021-01-08,1.0,11.0,0.0,103.0,0.0,0.0,0.0,0.0,0.0,0.0,0.0,1.0,0.0,,0.0,0.0,0.0,0,0.0,0.0,0.0,0.0,0.0,0.0,0.0,0.0,0.0,0.0032896642782250228,0.0,0.05780618239422234,0.027720077670350368,0.0,0.15823173814890337,0.021209615590621015,0.0036593315552692026,0.0034714616074854013,0.0,0.003316523834150665,0.0,0.0436295604219242,0.0,0.0,0.0,0.03231085903790532,0.0,0.0,0.0,0,1.8181818181818181,1,0,0,1,0,1,0,0,1,0,1,0,0,0,0,0.06500308
55,51,ARC_W2S1L0U1O0Q8I1Q5P3C9F1F2E3D0I2,부패방지 및 국민권익위원회의 설치와 운영에 관한 법률 일부개정법률안(정부),,2021-01-08,,,0.0,,0.0,0.0,0.0,0.0,0.0,0.0,0.0,0.0,0.0,0.0,0.0,0.0,0.0,0,0.0,0.0,0.0,0.0,0.005336796096449245,0.0,0.0,0.0,0.03665182014109671,0.004079199368410771,0.0,0.0,0.0,0.0,0.0,0.009421300179887526,0.0,0.0,0.0,0.03044420106969651,0.024803333058215603,0.0013228804364849632,0.019552551972197227,0.0,0.0013278666699286735,0.0,0.0,0.006853370579949307,0.0013332488906658915,0,,1,0,0,0,0,0,0,1,0,0,1,0,0,0,0,0.12831324
56,52,PRC_P2N0G1W2R0M9D1W7E2S7M2A0W9J8E6,환경분쟁 조정법 일부개정법률안(안호영의원등13인),안호영,2021-01-08,2.0,14.0,0.0,185.0,0.0,0.0,0.0,0.0,0.0,0.0,0.0,0.0,0.0,,0.0,0.0,0.0,0,0.0,1.0,0.0,0.0,0.002447503838646278,0.0,0.0,0.0,0.011607903945312071,0.009158218007409171,0.009475681554065661,0.004503064945842443,0.0,0.0,0.0,0.0091644518830803,0.00485278247447496,0.0046923401650418054,0.0,0.009181661217400197,0.009219792786608921,0.004742434185542418,0.0,0.03475702679559086,0.0,0.02440454735514823,0.0,0.0,0.002293118600095256,0,1.6428571428571428,1,0,0,1,1,0,0,0,0,1,1,0,0,0,0,0.30974427
57,53,ARC_W2G1F0Q1Y0G8B1X5Z2L6A4N1F5S3N2,약사법 일부개정법률안(정부),,2021-01-08,,,0.0,,0.0,0.0,0.0,0.0,0.0,0.0,0.0,0.0,0.0,0.0,0.0,0.0,0.0,0,0.0,0.0,0.0,0.0,0.0,0.0,0.0,0.0,0.0,0.0044072802002365526,0.0,0.0,0.0,0.0,0.0,0.0,0.0955588646837183,0.0045127900871070655,0.0,0.013333875746340365,0.07899030704756041,0.004333327267621014,0.0,0.0,0.0,0.0,0.0,0.0,0.008946191942369616,0,,1,0,0,0,0,0,0,1,0,0,1,0,0,0,0,0.12988582
58,54,PRC_H2J1P0E1R0Y8S1X5S1B3V2J8V5Y1B0,감염병의 예방 및 관리에 관한 법률 일부개정법률안(이용의원 등 11인),이용,2021-01-08,1.0,11.0,0.0,103.0,1.0,0.0,0.0,0.0,0.0,0.0,0.0,0.0,0.0,,0.0,0.0,0.0,0,0.0,0.0,0.0,0.0,0.0,0.0,0.0,0.0,0.013218846836605588,0.0,0.0,0.0,0.0,0.008722332683769433,0.0,0.0,0.0,0.004661654137276315,0.0,0.0,0.01409417874104268,0.0,0.0,0.0,0.009173526635041108,0.01348545164675326,0.0,0.004324770618129421,0.004632209764944541,0,1.6363636363636365,1,0,1,0,0,1,0,0,1,0,1,0,0,0,0,0.044149633
59,55,PRC_K2S1O0Y1J0X8K1S5B0H8G1A1F8M7U2,소비자생활협동조합법 일부개정법률안(유의동의원 등 11인),유의동,2021-01-08,3.0,11.0,0.0,103.0,0.0,0.0,0.0,0.0,0.0,0.0,0.0,0.0,0.0,,0.0,0.0,0.0,0,0.0,0.0,0.0,1.0,0.0,0.0,0.0,0.0,0.007513070793308839,0.0,0.01369649686931092,0.02462564893220187,0.013996268005528077,0.006776578141828624,0.0,0.010558844593817314,0.03991443679165938,0.0,0.023773782047224634,0.024419692318135327,0.033019689375481,0.006684862782435162,0.006869214061846949,0.014482798399748626,0.0,0.006609650796332967,0.0,0.0,0.030440628773881574,0,1.4545454545454546,1,0,0,1,0,1,0,0,0,1,1,0,0,0,0,0.034565832
60,56,PRC_V2O1W0J1W0T8X1A4M1M2Z3Q4F1Y5J5,국립묘지의 설치 및 운영에 관한 법률 일부개정법률안(성일종의원 등 10인),성일종,2021-01-08,2.0,10.0,0.0,103.0,0.0,0.0,0.0,0.0,0.0,0.0,0.0,0.0,0.0,,0.0,0.0,0.0,0,0.0,0.0,0.0,1.0,0.0,0.0,0.0048543689320388345,0.003989862874873634,0.03828529854422634,0.0,0.0,0.003999544868191469,0.0,0.0,0.0,0.008067021092164863,0.0,0.0,0.007818720873119762,0.007927673534282203,0.09968639230265201,0.012813863823714765,0.007804781487844523,0.004392938706481341,0.0,0.02962686714616794,0.008221793521955175,0.0,0.004004436210521217,0,2.3,1,0,0,1,0,1,0,0,0,1,1,0,0,0,0,0.063923046
61,58,PRC_N2Y1C0M1M0Y8N1B1U3Z9F2E6D2P3M8,아동학대범죄의 처벌 등에 관한 특례법 일부개정법률안(대안)(법제사법위원장),,2021-01-08,,,1.0,,0.0,0.0,0.0,0.0,0.0,0.0,0.0,0.0,0.0,0.0,0.0,0.0,0.0,0,0.0,0.0,0.0,0.0,0.0,0.002638522427440633,0.0011075530643513461,0.027152201902897816,0.03896654603663724,0.0,0.0,0.0,0.001063510028542189,0.0,0.0,0.005443738522818976,0.0011257005555648603,0.0,0.0,0.00764739371855844,0.026778443428960512,0.0,0.01444274006229592,0.0,0.002344547286826262,0.059867959538361645,0.10419827102042126,0.03506572870906236,0.002176553718647416,0,,1,0,0,0,0,0,0,1,0,0,1,0,0,0,0,0.0782725
62,59,PRC_J2I1O0F1B0O8E1N1D3X6Y4X4R8W5G7,민법 일부개정법률안(대안)(법제사법위원장),,2021-01-08,,,1.0,,0.0,0.0,0.0,0.0,0.0,0.0,0.0,0.0,0.0,0.0,0.0,0.0,0.0,0,0.0,0.0,0.0,0.0,0.0,0.014492753623188406,0.0,0.0,0.0,0.0,0.0,0.011619848617608997,0.0,0.0,0.0,0.0,0.0,0.0,0.0,0.0,0.0,0.0,0.0,0.0,0.0,0.023281985434932984,0.13484770232352658,0.047518421774325165,0.0,0,,1,0,0,0,0,0,0,1,0,0,1,0,0,0,0,0.10357853
63,60,PRC_A2K1J0U1T0Q8A1P1J2L8T1Q4A7N3Y1,중대재해 처벌 등에 관한 법률안(대안)(법제사법위원장),,2021-01-08,,,1.0,,0.0,0.0,0.0,0.0,0.0,0.0,0.0,0.0,0.0,0.0,0.0,0.0,0.0,0,0.0,0.0,0.0,0.0,0.003086301817822812,0.0,0.0,0.0,0.0013679283768383425,0.005423520137223833,0.020376968937331368,0.01109027615431727,0.004212718104841698,0.013578695246631628,0.0013688325288876966,0.02481476782170892,0.012832778702130168,0.009446995867227836,0.0,0.004148595467531068,0.08088824998086958,0.014098252427716357,0.01748962979609298,0.009567586442526695,0.0028144318863724794,0.09899096059957349,0.0,0.0013268367568058754,0.0013934529045130286,0,,0,1,0,0,0,0,0,1,0,0,1,0,0,0,0,0.15214543
64,61,PRC_B2U1N0Z1T0G5L1S8W1Q5S4V2J8W2F0,아동복지법 일부개정법률안(김민석의원등12인),김민석,2021-01-08,3.0,13.0,0.0,185.0,1.0,0.0,0.0,0.0,0.0,0.0,0.0,0.0,0.0,,0.0,0.0,0.0,0,0.0,0.0,0.0,0.0,0.0,0.0,0.0,0.0,0.0,0.0,0.0,0.0,0.0,0.0,0.0038973527256719667,0.0,0.0,0.0,0.0,0.0036766893184023205,0.0,0.0,0.0,0.0,0.0,0.06142697830545417,0.1685810566487895,0.08015568790392638,0.003732641897589912,0,1.7692307692307692,1,0,0,1,1,0,0,0,1,0,1,0,0,0,0,0.28363347
65,62,PRC_J2O1K0K1X0L8V1T1U2B1Y2E4I8B7L3,빈집 및 소규모주택 정비에 관한 특례법 일부개정법률안(천준호의원 등 18인),천준호,2021-01-08,1.0,19.0,0.0,185.0,0.0,0.0,0.0,0.0,0.0,0.0,0.0,1.0,0.0,,0.0,0.0,0.0,0,0.0,0.0,0.0,0.0,0.0,0.0,0.0,0.0,0.008922298257847978,0.0,0.008640250131856427,0.02605865679865591,0.15337483305813146,0.0,0.0028679008618681676,0.11123747918294091,0.014987473563676168,0.0,0.0,0.005821120191378644,0.0,0.0887748782289323,0.0,0.002875760039676626,0.0,0.002833230756618109,0.0,0.0,0.002884629758423714,0,1.6842105263157894,1,0,0,1,1,0,0,0,0,1,1,0,0,0,0,0.58505136
66,63,PRC_G2F1B0C1L0F5J1V8N1Q7D3J7W2J7R0,아동학대범죄의 처벌 등에 관한 특례법 일부개정법률안(김민석의원등13인),김민석,2021-01-08,3.0,14.0,0.0,185.0,0.0,0.0,0.0,0.0,0.0,1.0,0.0,0.0,0.0,,0.0,0.0,0.0,0,0.0,0.0,0.0,0.0,0.0,0.0,0.0,0.0,0.0,0.0,0.0,0.0,0.0,0.0,0.0,0.0,0.0,0.0,0.0,0.01475384127940231,0.0,0.0,0.003656834491844341,0.0,0.0,0.09019589961342546,0.15996533325301732,0.10874740836958005,0.0,0,1.7857142857142858,1,0,0,1,1,0,0,0,1,0,1,0,0,0,0,0.11623063
67,64,PRC_Y2X1K0K1N0D8I1U0C5T7Y3O3U3O3D2,남녀고용평등과 일·가정 양립 지원에 관한 법률 일부개정법률안(백혜련의원 등 10인),백혜련,2021-01-08,2.0,10.0,0.0,185.0,0.0,0.0,0.0,0.0,0.0,0.0,0.0,0.0,0.0,,0.0,0.0,0.0,0,0.0,1.0,0.0,0.0,0.0,0.0,0.0,0.0,0.0,0.0,0.0,0.0,0.00818122066737373,0.0,0.0,0.008367722737040497,0.0,0.0,0.0,0.008232294073427357,0.015660754724401208,0.007943374523218128,0.00966183574879227,0.0,0.04936838495558587,0.02930027851160022,0.0,0.0625043905875533,0.0,0,1.7,1,0,0,1,1,0,0,0,1,0,1,0,0,0,0,0.24420813
68,65,PRC_Q2D1X0B1O0U8F1B0L2W1E5C3P9C0G2,공직선거법 일부개정법률안(최춘식의원 등 10인),최춘식,2021-01-08,1.0,10.0,0.0,103.0,0.0,1.0,0.0,0.0,0.0,0.0,0.0,0.0,0.0,,0.0,0.0,0.0,0,0.0,0.0,0.0,0.0,0.0030635917839938647,0.083307342578287,0.0,0.0,0.0,0.002847537602463814,0.002748404463676557,0.0,0.0,0.0,0.0,0.0,0.002839013934135437,0.0027783690658334183,0.0,0.0027846369433076413,0.01136433669965561,0.0029009176443700923,0.005814637631586153,0.005551645608797466,0.0,0.0027459051511059067,0.0,0.0,0.008387159811307306,0,1.5,1,0,0,1,0,1,0,0,1,0,1,0,0,0,0,0.02112887
69,66,PRC_Q2Q1M0J1T0X8Z0B9B5J7R1F3X1D8G7,조세특례제한법 일부개정법률안(윤재옥의원 등 10인),윤재옥,2021-01-08,3.0,10.0,0.0,103.0,0.0,0.0,0.0,0.0,0.0,0.0,0.0,0.0,1.0,,0.0,0.0,0.0,0,0.0,0.0,0.0,0.0,0.0,0.0,0.0,0.0,0.0,0.009944196670286117,0.009854014842740951,0.0034465869107554036,0.06676990971449882,0.0065065788165215525,0.0,0.0032941194311265024,0.0,0.0,0.0,0.0033451277882822097,0.0032407723126872895,0.007353686517284763,0.0,0.0,0.0,0.009994287163980545,0.0,0.0,0.0,0,1.5,1,0,0,1,0,1,0,0,1,0,1,0,0,0,0,0.1891084
70,67,PRC_O2U1C0S1Z0C8E0R9Z0C6U4S7X3U8O5,국회사무총장(이춘석) 임명승인안(의장),,2021-01-08,,,1.0,,0.0,0.0,0.0,0.0,0.0,0.0,0.0,0.0,0.0,0.0,0.0,0.0,0.0,0,0.0,0.0,0.0,0.0,0.0,0.0,0.0,0.0,0.0,0.0,0.0,0.0,0.0,0.0,0.0,0.0,0.0,0.0,0.0,0.0,0.0,0.0,0.0,0.0,0.0,0.0,0.0,0.0,0.0,0,,0,1,0,0,0,0,0,1,0,0,1,0,0,0,0,0.2520675
71,68,PRC_A2G1U0R1U0O8F0Y7D4G0P5Q2N8Z1K9,"코로나19로 인한 방역실태, 백신수급 상황 및 접종시기에 대한 긴급현안질문 실시의 건(의장)",,2021-01-08,,,1.0,,0.0,0.0,0.0,0.0,0.0,0.0,0.0,0.0,0.0,0.0,0.0,0.0,0.0,0,0.0,0.0,0.0,0.0,0.0,0.0,0.0,0.0,0.0,0.0,0.0,0.0,0.0,0.0,0.0,0.0,0.0,0.0,0.0,0.0,0.0,0.0,0.0,0.0,0.0,0.0,0.0,0.0,0.0,0,,0,1,0,0,0,0,0,1,0,0,1,0,0,0,0,0.2520675
72,69,PRC_U2R0I1Q1Z2R6E1X8V1W1S4B4M1Y8B7,민방위기본법 일부개정법률안(안규백의원등12인),안규백,2021-01-07,4.0,13.0,0.0,185.0,0.0,1.0,0.0,0.0,0.0,0.0,0.0,0.0,0.0,,0.0,0.0,0.0,0,0.0,0.0,0.0,0.0,0.0,0.007782801668694678,0.0,0.0,0.0,0.0,0.0,0.0034117853387873225,0.0,0.0,0.0,0.0,0.0,0.0,0.0,0.025273889176389005,0.05541694316458195,0.0,0.0485921783650175,0.0,0.0037812060498176735,0.011231272017702144,0.00425531914893617,0.0071948913817710064,0.0,0,2.0,1,0,0,1,1,0,0,0,1,0,1,0,0,0,0,0.11133973
73,70,PRC_H2O1Z0U1E0B7R1Q8L0C9I4I3I2Q9F3,진실ㆍ화해를위한과거사정리위원회 위원(이옥남) 선출안(의장),,2021-01-07,,,1.0,,0.0,0.0,0.0,0.0,0.0,0.0,0.0,0.0,0.0,0.0,0.0,0.0,0.0,0,0.0,0.0,0.0,0.0,0.0,0.0,0.0,0.0,0.0,0.0,0.0,0.0,0.0,0.0,0.0,0.0,0.0,0.0,0.0,0.0,0.0,0.0,0.0,0.0,0.0,0.0,0.0,0.0,0.0,0,,0,1,0,0,0,0,0,1,0,0,1,0,0,0,0,0.2520675
74,71,PRC_J2H1P0U1Y0X7D1B8F0Q9V0H5A1A3U5,진실ㆍ화해를위한과거사정리위원회 위원(정진경) 선출안(의장),,2021-01-07,,,1.0,,0.0,0.0,0.0,0.0,0.0,0.0,0.0,0.0,0.0,0.0,0.0,0.0,0.0,0,0.0,0.0,0.0,0.0,0.0,0.0,0.0,0.0,0.0,0.0,0.0,0.0,0.0,0.0,0.0,0.0,0.0,0.0,0.0,0.0,0.0,0.0,0.0,0.0,0.0,0.0,0.0,0.0,0.0,0,,0,1,0,0,0,0,0,1,0,0,1,0,0,0,0,0.2520675
75,72,PRC_P2W1W0R1C0I7F1F8R0I8U3K1C4R5P1,진실ㆍ화해를위한과거사정리위원회 위원(차기환) 선출안(의장),,2021-01-07,,,1.0,,0.0,0.0,0.0,0.0,0.0,0.0,0.0,0.0,0.0,0.0,0.0,0.0,0.0,0,0.0,0.0,0.0,0.0,0.0,0.0,0.0,0.0,0.0,0.0,0.0,0.0,0.0,0.0,0.0,0.0,0.0,0.0,0.0,0.0,0.0,0.0,0.0,0.0,0.0,0.0,0.0,0.0,0.0,0,,0,1,0,0,0,0,0,1,0,0,1,0,0,0,0,0.2520675
76,73,PRC_I2R1B0C1U0H7C1O8F0P7T5U0Z7P3V5,진실ㆍ화해를위한과거사정리위원회 위원(최광준) 선출안(의장),,2021-01-07,,,1.0,,0.0,0.0,0.0,0.0,0.0,0.0,0.0,0.0,0.0,0.0,0.0,0.0,0.0,0,0.0,0.0,0.0,0.0,0.0,0.0,0.0,0.0,0.0,0.0,0.0,0.0,0.0,0.0,0.0,0.0,0.0,0.0,0.0,0.0,0.0,0.0,0.0,0.0,0.0,0.0,0.0,0.0,0.0,0,,0,1,0,0,0,0,0,1,0,0,1,0,0,0,0,0.2520675
77,74,PRC_F2O1D0F1P0H7T1Y8S0T7Z1B5N7V8P6,진실ㆍ화해를위한과거사정리위원회 위원(임승철) 선출안(의장),,2021-01-07,,,1.0,,0.0,0.0,0.0,0.0,0.0,0.0,0.0,0.0,0.0,0.0,0.0,0.0,0.0,0,0.0,0.0,0.0,0.0,0.0,0.0,0.0,0.0,0.0,0.0,0.0,0.0,0.0,0.0,0.0,0.0,0.0,0.0,0.0,0.0,0.0,0.0,0.0,0.0,0.0,0.0,0.0,0.0,0.0,0,,0,1,0,0,0,0,0,1,0,0,1,0,0,0,0,0.2520675
78,75,PRC_W2L1Q0B1O0K7Q1R8H0Q6L2L7L2R9R9,진실ㆍ화해를위한과거사정리위원회 위원(이상희) 선출안(의장),,2021-01-07,,,1.0,,0.0,0.0,0.0,0.0,0.0,0.0,0.0,0.0,0.0,0.0,0.0,0.0,0.0,0,0.0,0.0,0.0,0.0,0.0,0.0,0.0,0.0,0.0,0.0,0.0,0.0,0.0,0.0,0.0,0.0,0.0,0.0,0.0,0.0,0.0,0.0,0.0,0.0,0.0,0.0,0.0,0.0,0.0,0,,0,1,0,0,0,0,0,1,0,0,1,0,0,0,0,0.2520675
79,76,PRC_Q2A1Q0C1T0Y7M1O8F0D5Q4P6V3Q1Y3,진실ㆍ화해를위한과거사정리위원회 위원(김광동) 선출안(의장),,2021-01-07,,,1.0,,0.0,0.0,0.0,0.0,0.0,0.0,0.0,0.0,0.0,0.0,0.0,0.0,0.0,0,0.0,0.0,0.0,0.0,0.0,0.0,0.0,0.0,0.0,0.0,0.0,0.0,0.0,0.0,0.0,0.0,0.0,0.0,0.0,0.0,0.0,0.0,0.0,0.0,0.0,0.0,0.0,0.0,0.0,0,,0,1,0,0,0,0,0,1,0,0,1,0,0,0,0,0.2520675
80,77,PRC_Q2F1E0C1V0U7O1E8S0M5H0L1Y5F6G2,진실ㆍ화해를위한과거사정리위원회 위원(이재승) 선출안(의장),,2021-01-07,,,1.0,,0.0,0.0,0.0,0.0,0.0,0.0,0.0,0.0,0.0,0.0,0.0,0.0,0.0,0,0.0,0.0,0.0,0.0,0.0,0.0,0.0,0.0,0.0,0.0,0.0,0.0,0.0,0.0,0.0,0.0,0.0,0.0,0.0,0.0,0.0,0.0,0.0,0.0,0.0,0.0,0.0,0.0,0.0,0,,0,1,0,0,0,0,0,1,0,0,1,0,0,0,0,0.2520675
81,78,PRC_V2R0D1V2H2K1X1I4P3S1U3A7V9Y0H4,건설산업기본법 일부개정법률안(윤관석의원등12인),윤관석,2021-01-07,3.0,12.0,0.0,185.0,0.0,0.0,0.0,0.0,0.0,0.0,0.0,1.0,0.0,,0.0,0.0,0.0,0,0.0,0.0,0.0,0.0,0.0,0.0,0.0,0.0,0.023662682275594392,0.0,0.006643220257808456,0.02411727900337235,0.0,0.0,0.0016935388740792283,0.11022400991763634,0.0,0.03038211638883034,0.0,0.029441513259958776,0.0034433924139903446,0.0038980932956403334,0.0016652900980126044,0.0,0.046284789130801245,0.003611943983389971,0.0,0.01713592665536063,0.0067041207791362,0,1.5,1,0,0,1,1,0,0,0,1,0,1,0,0,0,0,0.5206346
82,79,PRC_G2H0P1F2L1Y0Z1V0Y1I3H5W3S1G6X6,국방과학연구소법 일부개정법률안(안규백의원등10인),안규백,2021-01-07,4.0,11.0,0.0,185.0,0.0,0.0,0.0,0.0,0.0,0.0,1.0,0.0,0.0,,0.0,0.0,0.0,0,0.0,0.0,0.0,0.0,0.0,0.006268746274359086,0.0,0.0,0.046998424126821405,0.0,0.0,0.0,0.0,0.0,0.0,0.0,0.0,0.0,0.0,0.024157434701919556,0.0,0.0,0.0,0.0,0.06045740536030601,0.0,0.0,0.011765920064028572,0.0,0,2.0,1,0,0,1,1,0,0,0,1,0,1,0,0,0,0,0.08312458
83,80,PRC_C2V0S1Z2N1Q0F1K0W1Y4X1Y7G5U7J7,방위사업법 일부개정법률안(안규백의원등12인),안규백,2021-01-07,4.0,13.0,0.0,185.0,0.0,0.0,0.0,0.0,0.0,0.0,1.0,0.0,0.0,,0.0,0.0,0.0,0,0.0,0.0,0.0,0.0,0.0,0.006003869671217152,0.0,0.0,0.04501257522005431,0.0,0.0,0.0,0.0,0.0,0.0,0.012342688063500633,0.0,0.022704895113555477,0.0,0.02313669802437366,0.012087929416710223,0.0,0.0,0.0,0.05790286710564519,0.011694286910580918,0.0,0.011268768512027365,0.0,0,1.9230769230769231,1,0,0,1,1,0,0,0,0,1,1,0,0,0,0,0.12334891
84,81,PRC_Z2G0S1P1W1T7P1U4O1P8K0M0O1A2R3,공직자의 이해충돌 방지법안(유동수의원 등 10인),유동수,2021-01-07,2.0,10.0,0.0,185.0,0.0,0.0,0.0,0.0,0.0,0.0,0.0,0.0,0.0,,0.0,0.0,0.0,0,0.0,0.0,0.0,1.0,0.001233888001277529,0.0024325507262657428,0.003403758509405728,0.009294452667236329,0.017407031059265138,0.0,0.0,0.006709243264691583,0.0022918359986666974,0.004556198120117188,0.005759619597730965,0.014672570639643176,0.0,0.0011895255384774045,0.0,0.0034767196096222976,0.046954007230955976,0.0023074237231550544,0.019948482184574522,0.0023020510837949556,0.010765085795830036,0.009572282988449622,0.005517241379310344,0.008015852056700608,0.006871086728983912,0,1.8,0,1,0,1,1,0,0,0,1,0,1,0,0,0,0,0.026252016
85,82,PRC_A2D0C1L2P0J7X1B8W0U7T4O8M6W4M9,모자보건법 일부개정법률안(김정재의원 등 10인),김정재,2021-01-07,2.0,10.0,0.0,103.0,1.0,0.0,0.0,0.0,0.0,0.0,0.0,0.0,0.0,,0.0,0.0,0.0,0,0.0,0.0,0.0,0.0,0.0,0.0,0.0,0.0,0.0,0.0,0.0,0.0,0.0,0.0,0.0,0.0,0.0,0.0,0.0,0.020980314510624584,0.03331637673261689,0.0,0.014739841465058365,0.0,0.013499402418369201,0.013571615141581714,0.03268272023860032,0.090041631605567,0.0,0,1.6666666666666667,1,0,0,1,0,1,0,0,1,0,1,0,0,0,0,0.15966387
86,83,PRC_T2Z0H1E2D2Q4R1T4D4A0Q1U2W6S1E7,학교보건법 일부개정법률안(강득구의원 등 19인),강득구,2021-01-07,1.0,20.0,0.0,185.0,0.0,0.0,0.0,0.0,0.0,0.0,0.0,0.0,0.0,,0.0,0.0,0.0,0,0.0,0.0,1.0,0.0,0.0,0.0,0.0,0.0,0.0,0.0,0.0,0.0,0.0,0.0,0.0,0.0,0.0,0.0,0.0,0.09457682445645332,0.13945711441338063,0.0,0.19171300195157528,0.0,0.0,0.02075691968202591,0.0,0.0,0.02025926932692528,0,1.5,1,0,0,1,1,0,0,0,0,1,1,0,0,0,0,0.057720914
87,84,PRC_S2A1V0B1S0T7Q1F0R5N5Y4V8R9P8Q9,치매관리법 일부개정법률안(김두관의원 등 10인),김두관,2021-01-07,2.0,12.0,0.0,185.0,1.0,0.0,0.0,0.0,0.0,0.0,0.0,0.0,0.0,,0.0,0.0,0.0,0,0.0,0.0,0.0,0.0,0.006060606060606061,0.0,0.0,0.0,0.0,0.0,0.004868871515447443,0.0,0.0,0.0,0.0,0.00497299288258408,0.0,0.01019686713363185,0.0,0.03460278908411662,0.026380024534283262,0.0,0.0,0.0,0.0,0.010119377844261401,0.012121212121212121,0.0,0.009782357649369673,0,1.75,1,0,0,1,1,0,0,0,1,0,1,0,0,0,0,0.2551965
88,85,PRC_W2N1Y0J1I0P7U1E6E0A1C5V5G3J5X3,감염병의 예방 및 관리에 관한 법률 일부개정법률안(유의동의원 등 12인),유의동,2021-01-07,3.0,12.0,0.0,103.0,1.0,0.0,0.0,0.0,0.0,0.0,0.0,0.0,0.0,,0.0,0.0,0.0,0,0.0,0.0,0.0,0.0,0.0,0.0,0.0,0.0,0.0,0.0,0.0,0.0,0.0,0.0,0.0,0.016421786890733963,0.0,0.0,0.0,0.016816141621378445,0.13245185909655272,0.032581385750098515,0.04500310372986249,0.0,0.0,0.03823224970158315,0.06045662956749833,0.010967417851390455,0.0055363346266266485,0,1.9090909090909092,1,0,0,1,0,1,0,0,1,0,1,0,0,0,0,0.42451757
89,86,PRC_J2W1D0V1V0B7N1V5M5L7M2J3D2L3C8,국민건강보험법 일부개정법률안(유의동의원 등 12인),유의동,2021-01-07,3.0,12.0,0.0,103.0,1.0,0.0,0.0,0.0,0.0,0.0,0.0,0.0,0.0,,0.0,0.0,0.0,0,0.0,0.0,0.0,0.0,0.0,0.0,0.0,0.0,0.0,0.0,0.0,0.0,0.0,0.0,0.0,0.0,0.0,0.0,0.0,0.018873643004492426,0.024024809679288543,0.0,0.0290341427486934,0.0,0.0045196688577030485,0.014313468772373843,0.029801043231835526,0.009180696827642033,0.0,0,1.9090909090909092,1,0,0,1,0,1,0,0,1,0,1,0,0,0,0,0.16657399
90,87,PRC_L2K0X1Z2N2S2P1F8A2V3C5X6I8M6W4,조약의 체결·비준 절차 등에 관한 법률안(홍익표의원 등 15인),홍익표,2021-01-07,3.0,15.0,0.0,185.0,0.0,0.0,0.0,0.0,0.0,0.0,0.0,0.0,0.0,,0.0,0.0,1.0,0,0.0,0.0,0.0,0.0,0.022324181200372367,0.0,0.007739457494552879,0.004508091213916122,0.01318800955816032,0.006242467427305666,0.0008742201562021292,0.001754260400801183,0.0,0.0,0.0008841132286587052,0.001776939903209412,0.0018679142517721472,0.0017853603253956713,0.0,0.007151448908454712,0.007150451082549583,0.0017884904133208697,0.002631566688126209,0.0018056946642258588,0.0009019632614775681,0.0027759856258342467,0.0,0.0,0.004482388756114153,0,1.8,0,1,0,1,1,0,0,0,0,1,1,0,0,0,0,0.38796005
91,88,PRC_H2F0K1A2Z2J4K1H4Q3O9W0V6Q1L3U3,평생교육법 일부개정법률안(강득구의원 등 24인),강득구,2021-01-07,1.0,25.0,0.0,185.0,0.0,0.0,0.0,0.0,0.0,0.0,0.0,0.0,0.0,,0.0,0.0,0.0,0,0.0,0.0,1.0,0.0,0.0,0.0,0.00234517080443246,0.0,0.017167195762906755,0.007143798725945609,0.004660381589617048,0.00916745560509818,0.004741342748914446,0.0,0.0,0.004804784911019462,0.004683367184230259,0.004613368170601981,0.0023009378569466728,0.060374001945768085,0.06332712122372218,0.016768456527165004,0.19925676448004587,0.0,0.0,0.016560933930533272,0.0,0.0,0.004671510628291539,0,1.4,1,0,0,1,1,0,0,0,0,1,1,0,0,0,0,0.100420214
92,89,PRC_T2O0C1V2D2F4H1Z4B4E0E5L9I5Z3A2,사회적기업 육성법 일부개정법률안(강득구의원등14인),강득구,2021-01-07,1.0,14.0,0.0,185.0,0.0,0.0,0.0,0.0,0.0,0.0,0.0,0.0,0.0,,0.0,0.0,0.0,0,0.0,1.0,0.0,0.0,0.0,0.0,0.0,0.0,0.0,0.0,0.08466101069199411,0.0,0.0,0.040602086719713715,0.0,0.043844263177168996,0.009472594763103285,0.0,0.008654881778516267,0.04107069090793007,0.017375730213366056,0.008885824052911056,0.02169599407597592,0.0,0.017704835377241435,0.013170584565714787,0.0,0.01354748292973167,0.021188364844573173,0,1.5714285714285714,1,0,0,1,1,0,0,0,0,1,1,0,0,0,0,0.26302728
93,90,ARC_S2N1K0J1P0E7L1H5R2P4L0U7P9U5P2,협동조합 기본법 일부개정법률안(정부),,2021-01-07,,,0.0,,0.0,0.0,0.0,0.0,0.0,0.0,0.0,0.0,0.0,0.0,0.0,0.0,0.0,0,0.0,0.0,0.0,0.0,0.0,0.002475247377216226,0.002032342523631483,0.001039366615880834,0.0,0.004072496722830404,0.0,0.0009998463758147589,0.0,0.0,0.0,0.0010094250192736636,0.0,0.0,0.03782784186377384,0.004125838011208147,0.012061018459867724,0.0020510449562922565,0.0009954642541337721,0.0020554249386976263,0.0010160139144057094,0.0032889344314537424,0.0,0.0,0.0050391908181775915,0,,1,0,0,0,0,0,0,1,0,0,1,0,0,0,0,0.29364488
94,91,PRC_A2H1A0O1P0W7H1Z5D0X1Z5X6N1W1A5,검사징계법 일부개정법률안(송언석의원 등 10인),송언석,2021-01-07,2.0,10.0,0.0,103.0,0.0,0.0,0.0,0.0,0.0,1.0,0.0,0.0,0.0,,0.0,0.0,0.0,0,0.0,0.0,0.0,0.0,0.038771106597574,0.0,0.013185750035678638,0.016042780748663103,0.04322953307054897,0.0,0.0,0.0,0.0,0.0,0.0,0.0,0.004296343913052809,0.0,0.0,0.0043451782853845605,0.057956461919182765,0.004473433775060317,0.0,0.0,0.0,0.0,0.0,0.0,0.0,0,1.6,1,0,0,1,0,1,0,0,0,1,1,0,0,0,0,0.097957365
95,92,PRC_R2P1W0U1K0C7Z1P4B4T5L4X4R2N8F1,국회법 일부개정법률안(윤재옥의원 등 10인),윤재옥,2021-01-07,3.0,10.0,0.0,103.0,0.0,0.0,0.0,0.0,1.0,0.0,0.0,0.0,0.0,,0.0,0.0,0.0,0,0.0,0.0,0.0,0.0,0.017355621082632073,0.006191561434791877,0.003065465551326709,0.08148109935030175,0.09101934791940738,0.0,0.0,0.0,0.0,0.0,0.0,0.0,0.0,0.0,0.0,0.027304651790392,0.02804921927505266,0.0,0.006111675921869101,0.0,0.0,0.04211625778098975,0.0,0.0,0.0,0,1.8,1,0,0,1,0,1,0,0,1,0,1,0,0,0,0,0.14808972
96,93,PRC_R2W1Q0I1C0R7B1A4P4C3E1Z3V3X8Q4,국가경찰과 자치경찰의 조직 및 운영에 관한 법률 일부개정법률안(윤재옥의원 등 10인),윤재옥,2021-01-07,3.0,10.0,0.0,103.0,0.0,1.0,0.0,0.0,0.0,0.0,0.0,0.0,0.0,,0.0,0.0,0.0,0,0.0,0.0,0.0,0.0,0.018308478710698146,0.00653149029787849,0.003233765620811313,0.07945191416085935,0.08425178270713955,0.0,0.0,0.0,0.0,0.0,0.0,0.0,0.0,0.0,0.0,0.025601572382683846,0.02325669620551315,0.0,0.006447218913657992,0.0,0.0,0.034843018709444534,0.0,0.0,0.0,0,1.8,1,0,0,1,0,1,0,0,1,0,1,0,0,0,0,0.26608813
97,94,PRC_T2F1R0A1B0X7W1R4O1V4P3J3N9I0B9,공직선거법 일부개정법률안(이명수의원 등 12인),이명수,2021-01-07,4.0,12.0,0.0,103.0,0.0,1.0,0.0,0.0,0.0,0.0,0.0,0.0,0.0,,0.0,0.0,0.0,0,0.0,0.0,0.0,0.0,0.00919419605687929,0.04470708109143542,0.0,0.0,0.04602459851544262,0.014439879904321756,0.0,0.0021315986059586415,0.002234185591222114,0.0,0.0,0.019429170990996752,0.0022040687324503794,0.0,0.0,0.04180450316783935,0.026329686585076565,0.008743319473669207,0.014859972811625941,0.008623228853170349,0.0,0.0,0.002293777497273951,0.0,0.010826422388132141,0,2.25,1,0,0,1,0,1,0,0,1,0,1,0,0,0,0,0.029427094
98,95,PRC_Q2U1E0M1N0H7A1K3V5M0Z5R7I0N2Q2,북한인권법 일부개정법률안(태영호의원 등 10인),태영호,2021-01-07,1.0,10.0,0.0,103.0,0.0,0.0,0.0,0.0,0.0,0.0,0.0,0.0,0.0,,0.0,0.0,1.0,0,0.0,0.0,0.0,0.0,0.0,0.0,0.06148187375881455,0.0,0.004656002602793954,0.0,0.004564567045731978,0.0,0.0,0.0,0.0,0.004570256580005993,0.0,0.00955956293777986,0.0,0.0,0.009174900298768824,0.0,0.0,0.009482880884950811,0.0,0.0,0.0,0.0,0.018475508148019962,0,3.1,1,0,0,1,0,1,0,0,0,1,1,0,0,0,0,0.019410215
99,96,PRC_C2Q1Z0I1J0C7Y1Z3V3Y8G1D1M5U2K8,의료법 일부개정법률안(서정숙의원 등 10인),서정숙,2021-01-07,1.0,10.0,0.0,103.0,1.0,0.0,0.0,0.0,0.0,0.0,0.0,0.0,0.0,,0.0,0.0,0.0,0,0.0,0.0,0.0,0.0,0.0,0.0,0.0,0.0,0.04563361479610693,0.0,0.014764786743726886,0.0,0.0,0.0,0.0033523740827060135,0.013457695235971545,0.0,0.0,0.0,0.0035108792000129573,0.09140882018159648,0.0032804955224521827,0.013368616582917386,0.003469186728117896,0.0,0.010556718853653455,0.0,0.0,0.003324500361426932,0,1.0,1,0,1,0,0,1,0,0,0,1,1,0,0,0,0,0.056130897
100,97,PRC_I2V1C0O1Q0W5I1D8U2R6G2E8G6C2Q1,가사소송법 일부개정법률안(김민석의원등13인),김민석,2021-01-07,3.0,14.0,0.0,185.0,0.0,0.0,0.0,0.0,0.0,1.0,0.0,0.0,0.0,,0.0,0.0,0.0,0,0.0,0.0,0.0,0.0,0.0,0.0,0.0038866908461959275,0.012324425357359427,0.011722511439411729,0.004058417346742418,0.0,0.02289633121755388,0.0,0.0,0.0,0.0,0.0,0.0,0.0,0.0,0.0,0.0,0.0,0.011862827671898736,0.0038333438612796642,0.0648539165655772,0.1251672371118157,0.15259812634300302,0.0040212806176256255,0,1.8571428571428572,1,0,0,1,1,0,0,0,1,0,1,0,0,0,0,0.06759237
101,98,PRC_T2H0Z1B2S1P8D1P7U3V7C5A6A0B4W3,화학물질관리법 일부개정법률안(송옥주의원등10인),송옥주,2021-01-07,2.0,11.0,0.0,185.0,0.0,0.0,0.0,0.0,0.0,0.0,0.0,0.0,0.0,,0.0,0.0,0.0,0,0.0,1.0,0.0,0.0,0.0,0.0,0.0,0.0,0.0,0.0,0.0,0.04371859933200636,0.00445661231091148,0.0,0.0,0.008857899590542442,0.0,0.0,0.0,0.0,0.025354278087615967,0.004327048753437243,0.0,0.09388852715492249,0.0,0.004519733002311305,0.0,0.0,0.0,0,1.5454545454545454,1,0,0,1,1,0,0,0,1,0,1,0,0,0,0,0.21807724
102,99,PRC_P2Q1L0R1W0X5O1K8O1P9T0R0S5F3Z7,아동학대범죄의 처벌 등에 관한 특례법 일부개정법률안(김민석의원등14인),김민석,2021-01-07,3.0,15.0,0.0,185.0,0.0,0.0,0.0,0.0,0.0,1.0,0.0,0.0,0.0,,0.0,0.0,0.0,0,0.0,0.0,0.0,0.0,0.0,0.0,0.0,0.0,0.005737580358982086,0.0,0.0,0.0,0.0,0.0,0.0,0.0,0.0,0.0,0.0,0.0119246601274139,0.0,0.0,0.005605542346050865,0.0,0.0,0.08932816825414959,0.2899835180295141,0.05945200041720742,0.0,0,1.8,1,0,0,1,1,0,0,0,1,0,1,0,0,0,0,0.14796832
103,100,PRC_V2H1I0P1E0Z5S1P8X2J0F0E1M2M9G1,아동학대범죄의 처벌 등에 관한 특례법 일부개정법률안(김민석의원등13인),김민석,2021-01-07,3.0,14.0,0.0,185.0,0.0,0.0,0.0,0.0,0.0,1.0,0.0,0.0,0.0,,0.0,0.0,0.0,0,0.0,0.0,0.0,0.0,0.0,0.0,0.0,0.0,0.0036876157953821377,0.0,0.0,0.0,0.0,0.0,0.0,0.0,0.0,0.0,0.0,0.025608522367888485,0.018128792273587192,0.0,0.027279145244894356,0.0,0.0,0.04076724473772378,0.13814569521566916,0.02157306773909207,0.014104750649682406,0,1.7857142857142858,1,0,0,1,1,0,0,0,1,0,1,0,0,0,0,0.20432276
104,101,PRC_U2V1V0Q1V0Y4Q1M5G1W3K0O6K4I6V2,의료법 일부개정법률안(이용호의원등10인),이용호,2021-01-07,2.0,10.0,0.0,9.0,1.0,0.0,0.0,0.0,0.0,0.0,0.0,0.0,0.0,,0.0,0.0,0.0,0,0.0,0.0,0.0,0.0,0.0,0.0,0.0,0.0,0.0034692277427481,0.0,0.0,0.0,0.0,0.0,0.0,0.02056173316570891,0.0,0.0,0.0,0.003516297380463416,0.13951756247953206,0.0,0.020277355899329948,0.0,0.0,0.04474091980637623,0.11966896182348748,0.03433086165860921,0.0,0,1.6,1,0,0,1,0,0,0,1,0,1,1,0,0,0,0,0.31167486
105,102,PRC_N2G1L0K1O0O7A1A0M1K9I4O1H9X0N9,아동학대범죄의 처벌 등에 관한 특례법 일부개정법률안(임오경의원 등 10인),임오경,2021-01-07,1.0,11.0,0.0,185.0,0.0,0.0,0.0,0.0,0.0,1.0,0.0,0.0,0.0,,0.0,0.0,0.0,0,0.0,0.0,0.0,0.0,0.0,0.0,0.0,0.03128155107540181,0.05217504711403195,0.00709300786913229,0.0,0.0,0.0,0.0,0.0,0.007186038903727931,0.0,0.01077427475462926,0.0,0.008202402602208343,0.04900789523439786,0.0071047213634205285,0.01804392400817199,0.0,0.0,0.06682638791164112,0.10521452568701185,0.032535599979535076,0.0,0,1.3636363636363635,1,0,0,1,1,0,0,0,0,1,1,0,0,0,0,0.09702007
106,103,PRC_W2C1E0G1Q0T4K1J5Q1W1W4T3S2D3D9,아동학대범죄의 처벌 등에 관한 특례법 일부개정법률안(이용호의원등11인),이용호,2021-01-07,2.0,11.0,0.0,9.0,0.0,0.0,0.0,0.0,0.0,1.0,0.0,0.0,0.0,,0.0,0.0,0.0,0,0.0,0.0,0.0,0.0,0.0,0.0,0.0,0.01339991800077669,0.023069151155241243,0.0,0.0,0.0,0.0,0.0,0.0,0.0029876022548465937,0.0,0.0,0.0,0.0,0.04468780886995923,0.0,0.011867816194946512,0.0,0.0,0.0769240786304404,0.1690536549676469,0.04226006540186676,0.006363345153165824,0,1.6363636363636365,1,0,0,1,0,0,0,1,0,1,1,0,0,0,0,0.024315342
107,104,PRC_K2U1M0H1W0H7G0E9F2D7F3X4W7J4V3,수목원·정원의 조성 및 진흥에 관한 법률 일부개정법률안(성일종의원 등 10인),성일종,2021-01-07,2.0,10.0,0.0,103.0,0.0,0.0,0.0,0.0,0.0,0.0,0.0,0.0,0.0,,0.0,1.0,0.0,0,0.0,0.0,0.0,0.0,0.0,0.0,0.0,0.0,0.004149775222404716,0.009924323288435788,0.013148005168462536,0.0,0.017458893589137756,0.05100876154358854,0.0,0.026271712226965994,0.0,0.0,0.0,0.012913331235806966,0.02497086266881412,0.02130263060638585,0.03083677267290882,0.0,0.0,0.008853085262259258,0.0,0.0,0.035131212362309094,0,2.0,1,0,0,1,0,1,0,0,0,1,1,0,0,0,0,0.21461618
108,105,PRC_B2Z1K0D1Z0H6Y1F9Z2X8W5P8Q2I3N0,국무위원후보자(환경부장관 한정애) 인사청문요청안(대통령),,2021-01-06,,,0.0,,0.0,0.0,0.0,0.0,0.0,0.0,0.0,0.0,0.0,0.0,0.0,0.0,0.0,0,0.0,0.0,0.0,0.0,0.0,0.0,0.0,0.0,0.0,0.0,0.0,0.0,0.0,0.0,0.0,0.0,0.0,0.0,0.0,0.0,0.0,0.0,0.0,0.0,0.0,0.0,0.0,0.0,0.0,0,,0,1,0,0,0,0,0,1,0,0,1,0,0,0,0,0.2520675
109,106,PRC_L2X1J0C1W0P6M1Z9O2F8S0S3C7O5A4,국무위원후보자(법무부장관 박범계) 인사청문요청안(대통령),,2021-01-06,,,0.0,,0.0,0.0,0.0,0.0,0.0,0.0,0.0,0.0,0.0,0.0,0.0,0.0,0.0,0,0.0,0.0,0.0,0.0,0.0,0.0,0.0,0.0,0.0,0.0,0.0,0.0,0.0,0.0,0.0,0.0,0.0,0.0,0.0,0.0,0.0,0.0,0.0,0.0,0.0,0.0,0.0,0.0,0.0,0,,0,1,0,0,0,0,0,1,0,0,1,0,0,0,0,0.2520675
110,107,PRC_M2A1M0A1Q0R6N1Q6Y5L5J4P6N5M4T8,지역방송발전위원회 위원 추천의 건(방송통신위원회 위원장),,2021-01-06,,,0.0,,0.0,0.0,0.0,0.0,0.0,0.0,0.0,0.0,0.0,0.0,0.0,0.0,0.0,0,0.0,0.0,0.0,0.0,0.0,0.0,0.0,0.0,0.0,0.0,0.0,0.0,0.0,0.0,0.0,0.0,0.0,0.0,0.0,0.0,0.0,0.0,0.0,0.0,0.0,0.0,0.0,0.0,0.0,0,,0,1,0,0,0,0,0,1,0,0,1,0,0,0,0,0.2520675
111,108,PRC_K2S1T0O1I0V6X1B4B1Y2C3R4D5C6C2,아동학대범죄의 처벌 등에 관한 특례법 일부개정법률안(강선우의원등14인),강선우,2021-01-06,1.0,15.0,0.0,185.0,0.0,0.0,0.0,0.0,0.0,1.0,0.0,0.0,0.0,,0.0,0.0,0.0,0,0.0,0.0,0.0,0.0,0.0,0.0,0.003923015059711777,0.03041334854108151,0.04114987638509162,0.0,0.0,0.0,0.0,0.0,0.0,0.0,0.0,0.0,0.0,0.0,0.015895261107204118,0.0,0.011551165413633685,0.0,0.0,0.059659250985796206,0.1481712563572643,0.031023817641712796,0.0038537639323796067,0,1.7333333333333334,1,0,0,1,1,0,0,0,0,1,1,0,0,0,0,0.045110267
112,109,PRC_R2M0N1G2C2T8M1G5M0N8V2V7S3O5B8,선원법 일부개정법률안(윤준병의원등10인),윤준병,2021-01-06,1.0,10.0,0.0,185.0,0.0,0.0,0.0,0.0,0.0,0.0,0.0,0.0,0.0,,0.0,1.0,0.0,0,0.0,0.0,0.0,0.0,0.0,0.0,0.0,0.0,0.0,0.0,0.0,0.0,0.0,0.0,0.0,0.0,0.0,0.0,0.0,0.0,0.0,0.0,0.0,0.0,0.0,0.0,0.0,0.0,0.0,0,1.6,1,0,0,1,1,0,0,0,1,0,1,0,0,0,0,0.09026146
113,110,PRC_F2K0G1D2O2N8Q1O5Z0L8J5Z0Z3G9R0,인삼산업법 일부개정법률안(윤준병의원등10인),윤준병,2021-01-06,1.0,10.0,0.0,185.0,0.0,0.0,0.0,0.0,0.0,0.0,0.0,0.0,0.0,,0.0,1.0,0.0,0,0.0,0.0,0.0,0.0,0.0,0.0,0.0,0.0,0.0,0.0,0.0,0.0,0.0,0.0,0.0,0.0,0.0,0.0,0.0,0.0,0.0,0.0,0.0,0.0,0.0,0.0,0.0,0.0,0.0,0,1.6,1,0,0,1,1,0,0,0,1,0,1,0,0,0,0,0.09026146
114,111,PRC_U2D0B1L2S2T8E1H5Y0Z9J1F8M2F5J3,할부거래에 관한 법률 일부개정법률안(윤준병의원등10인),윤준병,2021-01-06,1.0,10.0,0.0,185.0,0.0,0.0,0.0,0.0,0.0,0.0,0.0,0.0,0.0,,0.0,0.0,0.0,0,0.0,0.0,0.0,1.0,0.0,0.0,0.0,0.0,0.05215195117407287,0.0,0.023858330897148082,0.0,0.0,0.0,0.0,0.016353565730795955,0.0055576570776124665,0.0,0.0,0.005673208773530872,0.011014294940114812,0.005309043341125084,0.005326722631391311,0.0,0.0,0.0,0.0,0.0,0.0053720403191269625,0,1.6,1,0,0,1,1,0,0,0,1,0,1,0,0,0,0,0.07169003
115,112,PRC_C2R0E1Q2G2I8R1B5R0Z9C5J0A7Q9E1,근로기준법 일부개정법률안(윤준병의원등13인),윤준병,2021-01-06,1.0,13.0,0.0,185.0,0.0,0.0,0.0,0.0,0.0,0.0,0.0,0.0,0.0,,0.0,0.0,0.0,0,0.0,1.0,0.0,0.0,0.019822190986590438,0.013834245419234371,0.004611290907591916,0.0,0.0334739839093069,0.0,0.004879047361652503,0.0,0.0,0.004599973726808355,0.0,0.0,0.0,0.0,0.0,0.009320679675327258,0.0,0.004797595940279157,0.0,0.0,0.09292281544610356,0.0,0.0,0.0462324351407169,0.013657738653461584,0,1.6923076923076923,1,0,0,1,1,0,0,0,1,0,1,0,0,0,0,0.019686898
116,113,PRC_M2L1B0P1M0O6X1D7S2I0Q4P4M2L5R6,종합부동산세법 일부개정법률안(태영호의원 등 12인),태영호,2021-01-06,1.0,12.0,0.0,103.0,0.0,0.0,0.0,0.0,0.0,0.0,0.0,0.0,1.0,,0.0,0.0,0.0,0,0.0,0.0,0.0,0.0,0.0,0.0,0.0,0.0,0.0,0.006486824580601284,0.0,0.0,0.14601718717151219,0.0,0.0,0.09939894931656974,0.0,0.0,0.0,0.012897592688363695,0.0,0.025410822459629605,0.0,0.0,0.0,0.006584233707851834,0.0,0.0,0.0,0,1.9166666666666667,1,0,0,1,0,1,0,0,1,0,1,0,0,0,0,0.3956564
117,114,PRC_B2G0R1F2O1H7B1Q4L4L5H1C3W0B3L2,국가지식정보 연계 및 활용 촉진에 관한 법률안(이광재의원등22인),이광재,2021-01-06,3.0,22.0,0.0,185.0,0.0,0.0,0.0,0.0,0.0,0.0,0.0,0.0,0.0,,0.0,0.0,0.0,0,1.0,0.0,0.0,0.0,0.0,0.0,0.0,0.0011119060652067868,0.012579729917903766,0.006775050237292923,0.027900555001193462,0.02264322862896543,0.0010744811338101446,0.0011088838861028714,0.0,0.01907631249816421,0.00538474606665726,0.07427043786795297,0.0,0.04146791900114131,0.03746838611279545,0.0032087919166140537,0.01539846803670096,0.022683587219243215,0.0,0.007868543247973009,0.0,0.0,0.027099642068880186,0,1.4545454545454546,0,1,0,1,1,0,0,0,1,0,1,0,0,0,0,0.09476113
118,115,PRC_V2P0F1J2W1O0B1I2L0R2T1F2M5P6Y1,상품권 유통질서 확립 및 상품권이용자 보호에 관한 법률안(홍익표의원등15인),홍익표,2021-01-06,3.0,15.0,0.0,185.0,0.0,0.0,0.0,0.0,0.0,0.0,0.0,0.0,0.0,,0.0,0.0,0.0,0,0.0,0.0,0.0,1.0,0.0,0.0,0.0,0.0,0.0,0.0,0.0,0.0,0.0,0.0,0.0,0.0,0.0,0.0,0.0,0.0,0.0,0.0,0.0,0.0,0.0,0.0,0.0,0.0,0.0,0,1.8,0,1,0,1,1,0,0,0,0,1,1,0,0,0,0,0.037780806
119,116,PRC_E2B1X0M1L0R4A1T7O4M4D1Q5W2M7R1,도로교통법 일부개정법률안(노웅래의원등10인),노웅래,2021-01-06,4.0,10.0,0.0,185.0,0.0,1.0,0.0,0.0,0.0,0.0,0.0,0.0,0.0,,0.0,0.0,0.0,0,0.0,0.0,0.0,0.0,0.0,0.0,0.00907594835436022,0.015347736590617412,0.004690904875059385,0.0,0.0,0.01353274326066713,0.0,0.0,0.02705095490893802,0.0,0.0,0.0,0.0,0.004395210742950439,0.0,0.044833728429433464,0.0,0.0,0.0,0.05154021656191027,0.0,0.009664535522460938,0.0,0,1.8,1,0,0,1,1,0,0,0,0,1,1,0,0,0,0,0.21270761
120,117,PRC_S2K0A1A2U0S7I1Z5M1M7J3K7B2G9L4,고등교육법 일부개정법률안(송재호의원등10인),송재호,2021-01-06,1.0,11.0,0.0,185.0,0.0,0.0,0.0,0.0,0.0,0.0,0.0,0.0,0.0,,0.0,0.0,0.0,0,0.0,0.0,1.0,0.0,0.0,0.0,0.0,0.00464593825367211,0.04899598077192145,0.0046976326549120545,0.0,0.0,0.0,0.0,0.0,0.0,0.0,0.0,0.004549877118256132,0.01851737701286704,0.018413525179954572,0.0,0.0412015473775271,0.01416693804627758,0.04299067204954934,0.0,0.0,0.018080961906303792,0.009321060557823396,0,1.4545454545454546,1,0,0,1,1,0,0,0,0,1,1,0,0,0,0,0.121794134
121,118,PRC_D2W0E1B2U0E7T1O5A1I8V3K6J1G0Y3,교육기본법 일부개정법률안(송재호의원등10인),송재호,2021-01-06,1.0,11.0,0.0,185.0,0.0,0.0,0.0,0.0,0.0,0.0,0.0,0.0,0.0,,0.0,0.0,0.0,0,0.0,0.0,1.0,0.0,0.0,0.005154639175257732,0.0,0.0,0.07103201624044438,0.0045186502417338265,0.0,0.0,0.0,0.0,0.0,0.0,0.0,0.0,0.004151176546037812,0.06831566390302993,0.03364897050808385,0.004252036207730008,0.0680148306581163,0.004317779209195953,0.022625418053459877,0.0,0.0,0.02159995455102822,0.008433463647193516,0,1.4545454545454546,1,0,0,1,1,0,0,0,0,1,1,0,0,0,0,0.044450965
122,119,PRC_F2R0V1Y2L0V7V1W5K1Q9G0F7J0U0G1,사립학교법 일부개정법률안(송재호의원등10인),송재호,2021-01-06,1.0,11.0,0.0,185.0,0.0,0.0,0.0,0.0,0.0,0.0,0.0,0.0,0.0,,0.0,0.0,0.0,0,0.0,0.0,1.0,0.0,0.0,0.0,0.0,0.0,0.030851829326015778,0.010076070653981176,0.0,0.0,0.0,0.0,0.0,0.0,0.0,0.0,0.0,0.01446340926762285,0.02427195988852402,0.0,0.08444197595804587,0.014411195598799607,0.03988527086959488,0.009875583237615126,0.0,0.03337880044147886,0.0,0,1.4545454545454546,1,0,0,1,1,0,0,0,0,1,1,0,0,0,0,0.07369523
123,120,PRC_F2C0V1X2O1L7R1I0S5N5A5X1I8X9L5,상법 일부개정법률안(조정훈의원 등 10인),조정훈,2021-01-06,1.0,10.0,0.0,185.0,0.0,0.0,0.0,0.0,0.0,1.0,0.0,0.0,0.0,,0.0,0.0,0.0,0,0.0,0.0,0.0,0.0,0.011540086070696513,0.013162858453061846,0.0011203798982832166,0.0054107517004013065,0.004624287452962663,0.002593352397282918,0.039530256804492736,0.0,0.006882671266794205,0.08967930873235067,0.0,0.010497443543540107,0.0011925227112240262,0.002287720309363471,0.0,0.004586061504152086,0.004769227819310294,0.002383107360866335,0.002358158595032162,0.0,0.0,0.002343922191196018,0.0,0.0,0.0022671487596299914,0,1.3,1,0,1,0,0,0,1,0,0,1,1,0,0,0,0,0.2742555
124,121,PRC_D2D1F0W1A0P5T1K1L2B3J3A2L0M3D1,국가경찰과 자치경찰의 조직 및 운영에 관한 법률 일부개정법률안(김민철의원 등 15인),김민철,2021-01-06,1.0,15.0,0.0,185.0,0.0,1.0,0.0,0.0,0.0,0.0,0.0,0.0,0.0,,0.0,0.0,0.0,0,0.0,0.0,0.0,0.0,0.005449591280653951,0.004494518934868337,0.0,0.015813682969324595,0.12879566616843116,0.011426077876493782,0.0,0.0,0.0,0.0,0.0,0.0,0.0,0.0044133984750233165,0.0,0.01962923581333836,0.00471455086154574,0.02431275847822184,0.0,0.0,0.0,0.019901517626375202,0.0,0.0,0.002273778499634454,0,1.6,1,0,0,1,1,0,0,0,0,1,1,0,0,0,0,0.2460224
125,122,PRC_I2X1U0I1R0W6X1U3N3I5R2J4M2W3D9,국립 방송통신 법학전문대학원 설치·운영에 관한 특별법안(정청래의원 등 10인),정청래,2021-01-06,3.0,11.0,0.0,185.0,0.0,0.0,0.0,0.0,0.0,0.0,0.0,0.0,0.0,,0.0,0.0,0.0,0,0.0,0.0,1.0,0.0,0.0,0.0,0.0,0.00202020202020202,0.0066677815986402105,0.0016797595553927952,0.007232095978476785,0.0018860134211453525,0.001641845703125,0.0,0.0,0.0033799571220320883,0.003304864059795033,0.0756482047264022,0.0016269257574370412,0.01862379986830432,0.05703529300111713,0.0017112483881940746,0.08616356729256987,0.0050872799121972285,0.0050168310753022785,0.027706852826205167,0.0017231652230927437,0.005217445378351693,0.08038655832560375,0,2.090909090909091,0,1,0,1,1,0,0,0,1,0,1,0,0,0,0,0.13296841
126,123,PRC_M2D0U1T2A0V3D1C5H1K8D0X5G3S8W2,변호사시험법 일부개정법률안(정청래의원등10인),정청래,2021-01-06,3.0,11.0,0.0,185.0,0.0,0.0,0.0,0.0,0.0,1.0,0.0,0.0,0.0,,0.0,0.0,0.0,0,0.0,0.0,0.0,0.0,0.0,0.0,0.0,0.004405286343612335,0.00726231394360244,0.0,0.015770429556590346,0.004112672438180394,0.0035802362248761013,0.0,0.0,0.0036106584880845663,0.007206641892504587,0.04084423827704879,0.0,0.011330252176864557,0.03328388377958457,0.003731576881744788,0.026621086481909396,0.011093407738051226,0.007213455202295917,0.018551350165043633,0.0037575629314136926,0.0035625386343128354,0.049062658511594526,0,2.0,1,0,0,1,1,0,0,0,1,0,1,0,0,0,0,0.18771361
127,124,PRC_B2K1T0T1Q0D5J1Z7C0F9Q2Q2X7U1O6,아동학대범죄의 처벌 등에 관한 특례법 일부개정법률안(이원욱의원등10인),이원욱,2021-01-06,3.0,10.0,0.0,185.0,0.0,0.0,0.0,0.0,0.0,1.0,0.0,0.0,0.0,,0.0,0.0,0.0,0,0.0,0.0,0.0,0.0,0.0,0.0,0.003631901688280359,0.0,0.0,0.0,0.0,0.0,0.0,0.0,0.0,0.0,0.0,0.0,0.0,0.01110901030818973,0.007991333978366008,0.0,0.019413257067182423,0.0,0.0,0.1551308565962631,0.21432711698312676,0.08608420654735734,0.0,0,1.9,1,0,0,1,1,0,0,0,1,0,1,0,0,0,0,0.1271581
128,125,PRC_W2U1F0I1U0E5Q1C6R2P3F0L9C0X6C5,아동복지법 일부개정법률안(이주환의원 등 11인),이주환,2021-01-06,1.0,11.0,0.0,103.0,1.0,0.0,0.0,0.0,0.0,0.0,0.0,0.0,0.0,,0.0,0.0,0.0,0,0.0,0.0,0.0,0.0,0.0,0.0,0.0,0.0,0.04526672427718704,0.009415849479469093,0.004405611270182842,0.0,0.0,0.0,0.0,0.021822091051050135,0.0046257334786492426,0.0,0.0,0.03628483044134604,0.04567459273982692,0.032380189766754976,0.021998411255913813,0.0,0.0,0.036234883682147875,0.1108463251912916,0.017666435241699217,0.00451507890546644,0,1.4545454545454546,1,0,0,1,0,1,0,0,1,0,1,0,0,0,0,0.11677633
129,126,PRC_I2O1L0C1L0H5F1G6F2C4C1E8Z5V9J3,아동학대범죄의 처벌 등에 관한 특례법 일부개정법률안(이주환의원 등 11인),이주환,2021-01-06,1.0,11.0,0.0,103.0,0.0,0.0,0.0,0.0,0.0,1.0,0.0,0.0,0.0,,0.0,0.0,0.0,0,0.0,0.0,0.0,0.0,0.0,0.0024154589371980675,0.0,0.012759464662432095,0.012399110673130423,0.0019467820003988663,0.0,0.0,0.0,0.0,0.0,0.0,0.0,0.0020840807237486906,0.0,0.006045024752040992,0.03098154975020367,0.0,0.01622384469866177,0.001998665540114693,0.0,0.13944433550327873,0.15881896234940793,0.06690475143096297,0.0058842402149513725,0,1.4545454545454546,1,0,0,1,0,1,0,0,1,0,1,0,0,0,0,0.053573538
130,127,PRC_M2J1E0Q1G0G6N0F9P2F7C5B6K8E7V5,군용비행장·군사격장 소음 방지 및 피해 보상에 관한 법률 일부개정법률안(성일종의원 등 10인),성일종,2021-01-06,2.0,10.0,0.0,103.0,0.0,0.0,0.0,0.0,0.0,0.0,1.0,0.0,0.0,,0.0,0.0,0.0,0,0.0,0.0,0.0,0.0,0.0,0.0,0.0,0.0,0.027684920670970385,0.0,0.0,0.010700342670971195,0.010677358962052705,0.0,0.0,0.02208014197696913,0.0,0.0,0.0,0.0,0.0,0.047976341468608935,0.0,0.021997130469770622,0.0,0.02150232270853409,0.0,0.005590967784654226,0.0,0,1.8,1,0,0,1,0,1,0,0,1,0,1,0,0,0,0,0.0685633
131,128,PRC_P2M0K1Z1O1W6Z1N3Y4R8L1X0Y7K3P9,동물보호법 일부개정법률안(윤영찬의원 등 10인),윤영찬,2021-01-05,1.0,10.0,0.0,185.0,0.0,0.0,0.0,0.0,0.0,0.0,0.0,0.0,0.0,,0.0,1.0,0.0,0,0.0,0.0,0.0,0.0,0.0,0.0,0.0,0.0,0.0,0.0,0.0,0.0,0.0,0.0,0.01995910958545964,0.0,0.0,0.006820179098020724,0.0,0.0,0.0,0.0,0.0,0.0,0.0,0.0,0.0,0.0,0.0,0,1.6,1,0,0,1,1,0,0,0,1,0,1,0,0,0,0,0.10505989
132,129,PRC_H2S1H0G1I0A5G1S7P4J4K2T8U4E5E3,기술보증기금법 일부개정법률안(김정재의원 등 10인),김정재,2021-01-05,2.0,10.0,0.0,103.0,0.0,0.0,1.0,0.0,0.0,0.0,0.0,0.0,0.0,,0.0,0.0,0.0,0,0.0,0.0,0.0,0.0,0.0,0.0,0.0,0.003684259918579368,0.0073308109195992415,0.0,0.08077356128192885,0.007465096540326115,0.007546545376423665,0.21308270031708296,0.0,0.01851009073215801,0.0,0.024624871374738268,0.0,0.00376395367118469,0.011275293004564844,0.003590127786694656,0.003707148883019993,0.0,0.0,0.003701871138993309,0.0,0.0,0.0074122446593238795,0,1.5555555555555556,1,0,0,1,0,1,0,0,1,0,1,0,0,0,0,0.07705889
133,130,PRC_L2U1B0E1D0A5I1P7Q3S0I1R4T6P7D3,아동학대범죄의 처벌 등에 관한 특례법 일부개정법률안(김용판의원 등 16인),김용판,2021-01-05,1.0,16.0,0.0,103.0,0.0,0.0,0.0,0.0,0.0,1.0,0.0,0.0,0.0,,0.0,0.0,0.0,0,0.0,0.0,0.0,0.0,0.0,0.0,0.0,0.008314040032300083,0.020337370308962734,0.0,0.0,0.0,0.0,0.0,0.0,0.022057737545533612,0.0,0.0,0.0,0.0,0.06398372135379098,0.011511181159452958,0.018485787510871887,0.0,0.0,0.04245765723965385,0.12281319526108829,0.030314279686320913,0.0,0,1.5,1,0,0,1,0,1,0,0,0,1,1,0,0,0,0,0.05602748
134,131,PRC_H2S0Z1R1H1V1S1A2Q2R3L5A5V5F8I5,원자력안전법 일부개정법률안(윤영찬의원등12인),윤영찬,2021-01-05,1.0,12.0,0.0,185.0,0.0,0.0,0.0,0.0,0.0,0.0,0.0,0.0,0.0,,0.0,0.0,0.0,0,1.0,0.0,0.0,0.0,0.0,0.0,0.0,0.0,0.017914097253666366,0.0,0.0,0.027673343309136324,0.0,0.0,0.0,0.013354364661283272,0.0,0.007497895595639251,0.0,0.001978313229804815,0.0307584589303926,0.027503951205763707,0.0,0.0019685617713041084,0.0,0.07062491663666659,0.0,0.001917100091313207,0.0076736172964406565,0,1.8333333333333333,1,0,0,1,1,0,0,0,0,1,1,0,0,0,0,0.2520643
135,132,PRC_O2S0Q1H2H0L3P1Z6C4N3R0L9I5P1O9,민사집행법 일부개정법률안(조응천의원등10인),조응천,2021-01-05,2.0,10.0,0.0,185.0,0.0,0.0,0.0,0.0,0.0,1.0,0.0,0.0,0.0,,0.0,0.0,0.0,0,0.0,0.0,0.0,0.0,0.0,0.0,0.00907594835436022,0.010810810810810811,0.01327803070480759,0.0,0.0,0.0,0.0,0.0,0.0,0.0220436598803546,0.0,0.00434028586825809,0.0,0.005405405405405406,0.04495023070154963,0.0,0.031026325032517718,0.0,0.0,0.015164828622663343,0.004327388067503234,0.0,0.008814972477990228,0,1.3,1,0,0,1,1,0,0,0,1,0,1,0,0,0,0,0.13014778
136,135,PRC_S2S0X1S2E2X9L1P7A0W7A5Z8W8D5X4,야생생물 보호 및 관리에 관한 법률 일부개정법률안(양이원영의원 등 12인),양이원영,2021-01-05,1.0,13.0,0.0,185.0,0.0,0.0,0.0,0.0,0.0,0.0,0.0,0.0,0.0,,0.0,0.0,0.0,0,0.0,1.0,0.0,0.0,0.0,0.0,0.0,0.0,0.0069223268557403045,0.0017616122455920203,0.008615681680582337,0.0,0.005432369597887589,0.0,0.0,0.01749481816413039,0.035496451213198194,0.008560443454879826,0.0,0.01426624329918522,0.04247557864350788,0.003566949296805818,0.009169104366989459,0.006904865725565765,0.0,0.028847919934886997,0.0038259848952293396,0.0017310860803571798,0.0016956612215203754,0,2.1538461538461537,1,0,1,0,1,0,0,0,1,0,1,0,0,0,0,0.21571532
137,136,PRC_O2H0G1I2X1A7H1B4W4T0R3Y4T8P8A0,아동복지법 일부개정법률안(김병욱의원등33인),김병욱,2021-01-05,,33.0,0.0,103.0,1.0,0.0,0.0,0.0,0.0,0.0,0.0,0.0,0.0,,0.0,0.0,0.0,0,0.0,0.0,0.0,0.0,0.0,0.0,0.0,0.0,0.012763985653513485,0.02098874455874728,0.01272616558468219,0.012746411193277418,0.0,0.0,0.004216388021547769,0.00424473494598546,0.0,0.004210995644638219,0.0,0.021477968422407956,0.02668492726443969,0.0,0.014500002578361747,0.004453291905294989,0.004179237429628667,0.055860250881037764,0.18618890028638937,0.05927863655631075,0.012488722801208496,0,2.064516129032258,1,0,0,0,0,1,0,0,0,1,1,0,0,0,0,0.17243707
138,137,PRC_N2P1W0A1Z0T5B1P6F1O7J5X2C5K1G7,아동학대범죄의 처벌 등에 관한 특례법 일부개정법률안(강훈식의원 등 10인),강훈식,2021-01-05,2.0,10.0,0.0,185.0,0.0,0.0,0.0,0.0,0.0,1.0,0.0,0.0,0.0,,0.0,0.0,0.0,0,0.0,0.0,0.0,0.0,0.0,0.005917159763313609,0.0,0.010823010692935018,0.016740170456248628,0.0,0.0,0.0,0.0,0.0,0.0,0.0,0.005049000124959551,0.0,0.0,0.00481132536950196,0.0,0.0,0.0048407189239411666,0.0,0.0,0.06562204861782006,0.12079791592423027,0.034449848197621,0.0,0,1.7,1,0,0,1,1,0,0,0,1,0,1,0,0,0,0,0.14656796
139,138,PRC_E2K0L1F2H1R7P1W4M4J0T0S4S5X6H2,아동복지법 일부개정법률안(김병욱의원등34인),김병욱,2021-01-05,,34.0,0.0,103.0,1.0,0.0,0.0,0.0,0.0,0.0,0.0,0.0,0.0,,0.0,0.0,0.0,0,0.0,0.0,0.0,0.0,0.0,0.0,0.0,0.0,0.023705218198164454,0.0,0.0,0.0,0.0,0.0,0.0,0.0,0.0,0.04095118225745435,0.0,0.015320368157992573,0.005054789519160049,0.0,0.0,0.0,0.0,0.04050710141283911,0.18691408334288206,0.035971751003145425,0.0,0,2.03125,1,0,0,0,0,1,0,0,0,1,1,0,0,0,0,0.07949675
140,139,PRC_L2O1C0B1N0C5M1D6P0G9O3N7I3G0X6,전기사업법 일부개정법률안(김태흠의원 등 13인),김태흠,2021-01-05,3.0,13.0,0.0,103.0,0.0,0.0,1.0,0.0,0.0,0.0,0.0,0.0,0.0,,0.0,0.0,0.0,0,0.0,0.0,0.0,0.0,0.0,0.0,0.0,0.0,0.05902728878083776,0.04523790990068613,0.0,0.01488203852554488,0.009032223719716723,0.0,0.0,0.00945328656441527,0.0050917492538202005,0.0,0.0,0.026914077378361604,0.004500570844431393,0.009731613221715708,0.0,0.009271409342197773,0.0,0.0,0.0,0.0,0.0,0,2.1538461538461537,1,0,0,1,0,1,0,0,1,0,1,0,0,0,0,0.103312664
141,140,PRC_S2G1S0J1O0S5N1W6S0H8C1T0R3M8D3,발전소주변지역 지원에 관한 법률 일부개정법률안(김태흠의원 등 14인),김태흠,2021-01-05,3.0,14.0,0.0,103.0,0.0,0.0,1.0,0.0,0.0,0.0,0.0,0.0,0.0,,0.0,0.0,0.0,0,0.0,0.0,0.0,0.0,0.0,0.0,0.0,0.0,0.041625140758042925,0.0,0.00915519106254149,0.00482630327846227,0.019028232338723174,0.0,0.0,0.019462006815363853,0.0,0.0,0.0,0.019121469071741854,0.009720450371838687,0.07307074378045757,0.0,0.09253576330924301,0.0,0.015087873748179232,0.0,0.0,0.0,0,2.0714285714285716,1,0,0,1,0,1,0,0,1,0,1,0,0,0,0,0.10772413
142,141,PRC_I2K1S0O1T0O4H1O7A0B4S2Q1L6T6T3,입양특례법 일부개정법률안(강훈식의원 등 11인),강훈식,2021-01-05,2.0,12.0,0.0,185.0,1.0,0.0,0.0,0.0,0.0,0.0,0.0,0.0,0.0,,0.0,0.0,0.0,0,0.0,0.0,0.0,0.0,0.0,0.0,0.0,0.010964122547465524,0.029287886088061484,0.0,0.0,0.0,0.0,0.0,0.0,0.015585007940887645,0.0,0.0,0.0,0.027041863483987797,0.04900351489425465,0.0,0.031179776237269117,0.0,0.0,0.03793454853592405,0.0726948281761947,0.030919713958813128,0.026747564601290758,0,1.5833333333333333,1,0,0,1,1,0,0,0,1,0,1,0,0,0,0,0.31637722
143,142,PRC_V2H0S1S2S2O9M1P0L3W2T4J2X7N1J3,항만법 일부개정법률안(맹성규의원등10인),맹성규,2021-01-05,2.0,10.0,0.0,185.0,0.0,0.0,0.0,0.0,0.0,0.0,0.0,0.0,0.0,,0.0,1.0,0.0,0,0.0,0.0,0.0,0.0,0.0,0.0,0.0,0.0,0.003699489399395158,0.0,0.0,0.03276556492906756,0.0,0.0,0.14357106242559653,0.021324042461614692,0.008163102696427203,0.0,0.0,0.021912408877263027,0.0,0.12493188586910214,0.0,0.0036049263667216344,0.0,0.003857841270159831,0.0,0.0,0.007299200623436312,0,2.1,1,0,0,1,1,0,0,0,1,0,1,0,0,0,0,0.057075653
144,144,PRC_O2O0J1I2K1Y5S1F5K3O7N0L3Z1W8E5,정보통신망 이용촉진 및 정보보호 등에 관한 법률 일부개정법률안(김상희의원등11인),김상희,2021-01-05,4.0,11.0,0.0,185.0,0.0,0.0,0.0,0.0,0.0,0.0,0.0,0.0,0.0,,0.0,0.0,0.0,0,1.0,0.0,0.0,0.0,0.0,0.0,0.0,0.0,0.0179030225340244,0.0,0.0,0.0075641907421888505,0.0,0.0,0.0,0.011116812978170614,0.0,0.15716311783917183,0.0,0.0071832624684392875,0.0,0.0,0.0,0.004128638358242744,0.0,0.0,0.0,0.0,0.25937433448513,0,1.7272727272727273,1,0,0,1,1,0,0,0,0,1,1,0,0,0,0,0.047836613
145,145,PRC_Y2B1M0H1M0T4A1A7P0L3U3E7B3Z2A4,특정강력범죄의 처벌에 관한 특례법 일부개정법률안(강훈식의원등10인),강훈식,2021-01-05,2.0,10.0,0.0,185.0,0.0,0.0,0.0,0.0,0.0,1.0,0.0,0.0,0.0,,0.0,0.0,0.0,0,0.0,0.0,0.0,0.0,0.0,0.0,0.0,0.0,0.0,0.0,0.0,0.0,0.0,0.0,0.0,0.0,0.0,0.0,0.0,0.0,0.0,0.0,0.0,0.0,0.0,0.08562558623296875,0.15816438836710794,0.07620691401617867,0.0,0,1.7,1,0,0,1,1,0,0,0,1,0,1,0,0,0,0,0.13783556
146,146,PRC_G2W1K0W1K0D5U1Q5E4Q7N2D5T3D1A8,국회의원수당 등에 관한 법률 일부개정법률안(이종배의원 등 10인),이종배,2021-01-05,3.0,10.0,0.0,103.0,0.0,0.0,0.0,0.0,1.0,0.0,0.0,0.0,0.0,,0.0,0.0,0.0,0,0.0,0.0,0.0,0.0,0.040238336722056074,0.035926494333479136,0.0,0.02722760240236918,0.0,0.0,0.0,0.0,0.0,0.0,0.0,0.009118120206726922,0.0,0.0,0.0,0.05563467409875658,0.0,0.0,0.0,0.0,0.0,0.0,0.0,0.0,0.01344423558976915,0,1.5555555555555556,1,0,0,1,0,1,0,0,1,0,1,0,0,0,0,0.006550687
147,147,PRC_H2O0P1M2X2T9K1R0T3T3W5K8P1D2N3,주차장법 일부개정법률안(맹성규의원 등 11인),맹성규,2021-01-05,2.0,11.0,0.0,185.0,0.0,0.0,0.0,0.0,0.0,0.0,0.0,1.0,0.0,,0.0,0.0,0.0,0,0.0,0.0,0.0,0.0,0.0,0.0,0.0,0.0,0.03790508665972286,0.0,0.0,0.002793366089463234,0.03537923884060648,0.0,0.028687322926190164,0.0811939069794284,0.06936061030460729,0.002778090329633819,0.0,0.028315363658799067,0.0,0.13956339636610615,0.0028866827487945557,0.0,0.0,0.0,0.0,0.0,0.0,0,2.0,1,0,0,1,1,0,0,0,1,0,1,0,0,0,0,0.24416883
148,148,PRC_T2A1R0R1F0G5S1P5N1H6Y5X3S9T6C1,아동학대범죄의 처벌 등에 관한 특례법 일부개정법률안(김성원의원 등 10인),김성원,2021-01-05,2.0,10.0,0.0,103.0,0.0,0.0,0.0,0.0,0.0,1.0,0.0,0.0,0.0,,0.0,0.0,0.0,0,0.0,0.0,0.0,0.0,0.0,0.0,0.00272148591850457,0.02272431999936749,0.0109447976543565,0.0,0.0,0.0,0.0,0.0,0.0,0.008075400154189309,0.0,0.0,0.0,0.010861507343380365,0.03288228283620904,0.0,0.010618818671789893,0.0,0.0,0.06692816459699825,0.14727679888407388,0.04078766241325404,0.0028666554897925248,0,1.8,1,0,0,1,0,1,0,0,1,0,1,0,0,0,0,0.045897953
149,149,PRC_G2F1O0C1C0Z4T1R7Z4G5B2C6G4Z6Z5,아동학대범죄의 처벌 등에 관한 특례법 일부개정법률안(노웅래의원등16인),노웅래,2021-01-05,4.0,16.0,0.0,185.0,0.0,0.0,0.0,0.0,0.0,1.0,0.0,0.0,0.0,,0.0,0.0,0.0,0,0.0,0.0,0.0,0.0,0.0,0.0,0.004587569523378799,0.00546448087431694,0.0,0.0,0.0,0.0,0.0,0.0,0.0,0.0,0.0,0.0,0.0,0.009178856357199247,0.013840961326015451,0.0,0.0,0.004577317850185874,0.0,0.06432417995942746,0.17277009011617775,0.044953745896698996,0.0,0,1.75,1,0,0,1,1,0,0,0,1,0,1,0,0,0,0,0.06776448
150,150,PRC_V2W1U0M1X0W5L1V1B3I5Y2P7G8I1M1,상법 일부개정법률안(윤재옥의원 등 11인),윤재옥,2021-01-05,3.0,11.0,0.0,103.0,0.0,0.0,0.0,0.0,0.0,1.0,0.0,0.0,0.0,,0.0,0.0,0.0,0,0.0,0.0,0.0,0.0,0.03402242183685303,0.014071403912135533,0.0,0.0,0.0,0.0,0.020586331231253488,0.0,0.004746136665344239,0.08452863182340349,0.0,0.00478189366204398,0.0,0.013955845832824706,0.0,0.0,0.00988708666392735,0.0,0.0,0.0,0.0,0.005061826705932617,0.0,0.0,0.0,0,2.090909090909091,1,0,0,1,0,1,0,0,0,1,1,0,0,0,0,0.048235677
151,151,PRC_J2H1J0Q1K0Y5P1C1D2I5E3Q4T8H4J0,상법 일부개정법률안(윤재옥의원 등 10인),윤재옥,2021-01-05,3.0,10.0,0.0,103.0,0.0,0.0,0.0,0.0,0.0,1.0,0.0,0.0,0.0,,0.0,0.0,0.0,0,0.0,0.0,0.0,0.0,0.02688770712196053,0.005330077239445278,0.0,0.0,0.0,0.0,0.023393558217333507,0.0,0.0,0.16862190272900965,0.0,0.005433970070504523,0.0,0.015858915719118984,0.0,0.0,0.0,0.0,0.0,0.0,0.0,0.005752075802196156,0.0,0.0,0.0,0,2.0,1,0,0,1,0,1,0,0,1,0,1,0,0,0,0,0.083700806
152,152,PRC_O2V0M1D2S2M2J0T9M0L1A3Y6D6M8O8,소비자생활협동조합법 일부개정법률안(배진교의원 등 11인),배진교,2021-01-05,1.0,11.0,0.0,185.0,0.0,0.0,0.0,0.0,0.0,0.0,0.0,0.0,0.0,,0.0,0.0,0.0,0,0.0,0.0,0.0,1.0,0.0017234011897890587,0.0,0.0,0.0,0.02374117252394909,0.003217580163572717,0.006424335044200026,0.008031307242986724,0.0066444329389436976,0.00701110675109653,0.0,0.008279175974252656,0.027076677895906405,0.011779481970419095,0.02610373180212937,0.02776663850142261,0.03401553947625198,0.01977147220626591,0.030876034592080305,0.006681328331391643,0.0,0.01672366742543348,0.0,0.0,0.01306437495655901,0,1.4545454545454546,1,0,1,0,0,0,1,0,0,1,1,0,0,0,0,0.11577753
153,153,PRC_O2D0G1P1E1Y7A0A8T2H9W4X7M0Q3C9,사회복지사 등의 처우 및 지위 향상을 위한 법률 일부개정법률안(김회재의원 등 10인),김회재,2021-01-05,1.0,10.0,0.0,185.0,1.0,0.0,0.0,0.0,0.0,0.0,0.0,0.0,0.0,,0.0,0.0,0.0,0,0.0,0.0,0.0,0.0,0.0,0.0,0.0,0.0,0.06571736842393876,0.03368254542350769,0.0,0.0,0.0,0.0,0.0,0.02806832015514374,0.0,0.0,0.0,0.08935093671083451,0.02101514607667923,0.034339094758033754,0.0463103660941124,0.0,0.0,0.004507670700550079,0.03218342512845993,0.013184289038181305,0.004124569296836853,0,1.3,1,0,0,1,1,0,0,0,1,0,1,0,0,0,0,0.09519667
154,154,PRC_H2L1G0P1E0I5L1Z0A2I8M1N1X0E4U3,소상공인 보호 및 지원에 관한 법률 일부개정법률안(권명호의원 등 10인),권명호,2021-01-05,1.0,10.0,0.0,103.0,0.0,0.0,1.0,0.0,0.0,0.0,0.0,0.0,0.0,,0.0,0.0,0.0,0,0.0,0.0,0.0,0.0,0.0,0.0,0.0,0.0,0.007193036609225803,0.0229057068294949,0.043808915350172256,0.0,0.007224530114067925,0.01448609987894694,0.0,0.0036599047978719077,0.0,0.0036308140224880644,0.0,0.03427649471494887,0.0037174208958943686,0.0,0.0,0.0,0.0,0.011561123530069987,0.0,0.0036349712477789986,0.0,0,2.1,1,0,0,1,0,1,0,0,1,0,1,0,0,0,0,0.08591124
155,155,PRC_W2J1K0A1H0T5W1K0P1H7L3P4X5Y7U1,청소년 보호법 일부개정법률안(최형두의원 등 11인),최형두,2021-01-05,1.0,11.0,0.0,103.0,0.0,0.0,0.0,0.0,0.0,0.0,0.0,0.0,0.0,,1.0,0.0,0.0,0,0.0,0.0,0.0,0.0,0.0,0.0,0.0,0.004833221435546875,0.0,0.0,0.005177367882556226,0.0,0.0,0.004990933171237807,0.0,0.0,0.0,0.06783317550119147,0.0,0.031076177057013453,0.009683271488511419,0.0,0.019637213413973887,0.0,0.0,0.024657536701983715,0.06679802594414677,0.014810340950287968,0.09139339895133512,0,1.4545454545454546,1,0,0,1,0,1,0,0,1,0,1,0,0,0,0,0.09673477
156,156,PRC_F2I0N1D2F3A1U0K9Q0C2B1A5B0Q9B9,의료법 일부개정법률안(강선우의원등11인),강선우,2021-01-05,1.0,12.0,0.0,185.0,1.0,0.0,0.0,0.0,0.0,0.0,0.0,0.0,0.0,,0.0,0.0,0.0,0,0.0,0.0,0.0,0.0,0.0,0.0,0.0,0.0,0.021667145735380665,0.005506496555757839,0.0,0.0,0.0,0.0,0.0,0.010802853186398943,0.0,0.0,0.0,0.0,0.13888842064813273,0.0,0.028991534220461815,0.0,0.0,0.011612776494184077,0.0,0.0,0.00546300569117464,0,1.4166666666666667,1,0,0,1,1,0,0,0,0,1,1,0,0,0,0,0.33108515
157,157,PRC_R2A0C1Y2X2K9Z2B0I0D6C1K5S9G3V9,고등교육법 일부개정법률안(우원식의원등19인),우원식,2021-01-05,4.0,19.0,0.0,185.0,0.0,0.0,0.0,0.0,0.0,0.0,0.0,0.0,0.0,,0.0,0.0,0.0,0,0.0,0.0,1.0,0.0,0.0,0.0,0.0,0.0,0.0,0.012244792466752984,0.006084885490074587,0.0,0.0,0.013436442903811565,0.0,0.01909009570932567,0.0,0.0,0.0,0.031132957685306276,0.006121172887109192,0.0,0.08360445410124819,0.0,0.0,0.0030030123749922276,0.0,0.0154282267620501,0.0,0,2.0526315789473686,1,0,0,1,1,0,0,0,0,1,1,0,0,0,0,0.22629985
158,158,PRC_F2O1W0J1I0F4E1K7N1D0I0N7C2S2T1,고위공직자범죄수사처장후보자(김진욱) 인사청문요청안(대통령),,2021-01-04,,,0.0,,0.0,0.0,0.0,0.0,0.0,0.0,0.0,0.0,0.0,0.0,0.0,0.0,0.0,0,0.0,0.0,0.0,0.0,0.0,0.0,0.0,0.0,0.0,0.0,0.0,0.0,0.0,0.0,0.0,0.0,0.0,0.0,0.0,0.0,0.0,0.0,0.0,0.0,0.0,0.0,0.0,0.0,0.0,0,,0,1,0,0,0,0,0,1,0,0,1,0,0,0,0,0.2520675
159,159,PRC_L2M1H0V1E0J4M1U8B4W3F1X8C6O3D1,주차장법 일부개정법률안(조오섭의원 등 11인),조오섭,2021-01-04,1.0,11.0,0.0,185.0,0.0,0.0,0.0,0.0,0.0,0.0,0.0,1.0,0.0,,0.0,0.0,0.0,0,0.0,0.0,0.0,0.0,0.0,0.0,0.0,0.0,0.019954517546059196,0.0034186101857588383,0.0034124132978367505,0.010656156799284484,0.0,0.0,0.03501152194194714,0.007133993892988899,0.0034292437541434953,0.010233306984522352,0.0,0.01379845207206375,0.007000259774499359,0.06987030760513689,0.0,0.006905834794543278,0.0,0.1505193171640819,0.0,0.0,0.006832431051022837,0,1.7272727272727273,1,0,0,1,1,0,0,0,1,0,1,0,0,0,0,0.1736083
160,160,PRC_S2B1R0U1A0K4T1L8N3O1T2W0G1Z3R3,철도산업발전기본법 일부개정법률안(조오섭의원 등 12인),조오섭,2021-01-04,1.0,12.0,0.0,185.0,0.0,0.0,0.0,0.0,0.0,0.0,0.0,1.0,0.0,,0.0,0.0,0.0,0,0.0,0.0,0.0,0.0,0.0,0.0,0.0029568579508643267,0.002959664213362515,0.0,0.0,0.022857434336793717,0.020505563530399607,0.0,0.009803826311873041,0.02685400559287189,0.05364521442790756,0.023716737651150975,0.046421088515237866,0.0028456828619481817,0.014747497892211267,0.027033429895609935,0.06962974501161609,0.002907433484552606,0.008716751535031484,0.0,0.02661496000660603,0.0,0.0,0.006017926935593568,0,1.6666666666666667,1,0,0,1,1,0,0,0,0,1,1,0,0,0,0,0.28033465
161,161,PRC_S2N1X0H1K0E4S1H8U2W9G1F9G4S1O1,공동주택관리법 일부개정법률안(조오섭의원 등 12인),조오섭,2021-01-04,1.0,12.0,0.0,185.0,0.0,0.0,0.0,0.0,0.0,0.0,0.0,1.0,0.0,,0.0,0.0,0.0,0,0.0,0.0,0.0,0.0,0.016602992018063863,0.0,0.0,0.020423813263575237,0.020099073449770608,0.006417729059855143,0.0,0.0027870476245880128,0.012432770331700644,0.0,0.0,0.01715863049030304,0.0,0.0,0.0,0.0,0.016788225968678794,0.0,0.005474293828010559,0.002814790606498718,0.0026822906732559206,0.014199119210243225,0.0,0.0,0.01636642575263977,0,1.6666666666666667,1,0,0,1,1,0,0,0,0,1,1,0,0,0,0,0.100864634
162,162,PRC_K2M1P0O1X0J4O1Q8S2B6T2T0B4H7J4,주거급여법 일부개정법률안(조오섭의원 등 11인),조오섭,2021-01-04,1.0,11.0,0.0,185.0,0.0,0.0,0.0,0.0,0.0,0.0,0.0,1.0,0.0,,0.0,0.0,0.0,0,0.0,0.0,0.0,0.0,0.0,0.0,0.002782406039157156,0.0,0.03195680400072518,0.0,0.0,0.0,0.05292298712972867,0.0,0.0,0.022605761835130595,0.00272344512454534,0.0,0.0,0.08942019555528286,0.05803983534796763,0.0028357020879195907,0.016985184055263714,0.0,0.0,0.021084286398806815,0.0,0.0,0.002796318167347019,0,2.0,1,0,0,1,1,0,0,0,1,0,1,0,0,0,0,0.205552
163,163,PRC_L2R1T0R1T0V4J1I8J2R4K0V9F8O1B8,공유수면 관리 및 매립에 관한 법률 일부개정법률안(조오섭의원 등 12인),조오섭,2021-01-04,1.0,12.0,0.0,185.0,0.0,0.0,0.0,0.0,0.0,0.0,0.0,0.0,0.0,,0.0,1.0,0.0,0,0.0,0.0,0.0,0.0,0.0,0.0,0.0,0.0,0.0,0.0,0.0,0.01328881036850714,0.0,0.0,0.0,0.0,0.0,0.0,0.0,0.0,0.0,0.026174872152266965,0.0,0.035043138169473215,0.0,0.013850794684502387,0.0,0.0,0.0,0,1.8333333333333333,1,0,0,1,1,0,0,0,1,0,1,0,0,0,0,0.113925
164,164,PRC_P2E1T0F1L0I4W1B8I1E8B1O2W2A1N1,도로교통법 일부개정법률안(조오섭의원 등 11인),조오섭,2021-01-04,1.0,11.0,0.0,185.0,0.0,1.0,0.0,0.0,0.0,0.0,0.0,0.0,0.0,,0.0,0.0,0.0,0,0.0,0.0,0.0,0.0,0.0,0.0,0.0,0.006996530017772304,0.05637092052129754,0.0,0.0,0.0,0.0,0.0,0.0,0.017852129312507212,0.0,0.013895949985407576,0.0,0.003377369687527041,0.024925016904179052,0.06774553291908296,0.0,0.0034010857972414685,0.0,0.0646082650760055,0.0,0.0,0.0033770130656439546,0,1.4545454545454546,1,0,0,1,1,0,0,0,0,1,1,0,0,0,0,0.21173996
165,165,PRC_E2Z1Q0T1G0T4G1B8I1S1G4T6S9Z5Y8,도로교통법 일부개정법률안(조오섭의원 등 13인),조오섭,2021-01-04,1.0,13.0,0.0,185.0,0.0,1.0,0.0,0.0,0.0,0.0,0.0,0.0,0.0,,0.0,0.0,0.0,0,0.0,0.0,0.0,0.0,0.0,0.0,0.0,0.0,0.04128659249476667,0.0,0.0,0.0,0.0,0.0,0.007737583709212969,0.02651995195532745,0.0038271020605879008,0.0,0.0,0.06658540666103363,0.017417380269968284,0.11550675135738445,0.004019068097168545,0.0,0.0,0.01723483261072411,0.0,0.0,0.0047169811320754715,0,1.6153846153846154,1,0,0,1,1,0,0,0,0,1,1,0,0,0,0,0.10634117
166,166,PRC_S2Q1T0O1A0A4R1L8E0T8P0T1Z8C0U8,식품안전기본법 일부개정법률안(조오섭의원 등 10인),조오섭,2021-01-04,1.0,10.0,0.0,185.0,1.0,0.0,0.0,0.0,0.0,0.0,0.0,0.0,0.0,,0.0,0.0,0.0,0,0.0,0.0,0.0,0.0,0.0,0.0,0.0,0.0,0.007438524349315747,0.0,0.0,0.0,0.0,0.0,0.0,0.0,0.07494230850322826,0.0,0.0,0.02268378154651539,0.06470381730311625,0.00792689473779352,0.0,0.007257941606882456,0.0,0.10648741271044757,0.0,0.0,0.02954657067049731,0,1.6,1,0,0,1,1,0,0,0,1,0,1,0,0,0,0,0.14914174
167,167,PRC_C2T1U0Y1O0B4R1G8Y0U6A5J3F3G7F3,중증장애인생산품 우선구매 특별법 일부개정법률안(조오섭의원 등 12인),조오섭,2021-01-04,1.0,12.0,0.0,185.0,1.0,0.0,0.0,0.0,0.0,0.0,0.0,0.0,0.0,,0.0,0.0,0.0,0,0.0,0.0,0.0,0.0,0.0,0.0,0.0,0.0,0.010802817767893774,0.0,0.0,0.0,0.0,0.0,0.0,0.009490556265475483,0.010538039122812847,0.0,0.0,0.014798028934636765,0.039622282840796476,0.009989979704456217,0.0,0.004769570023350462,0.009715257311713766,0.0,0.0,0.0,0.014871420239555766,0,1.9166666666666667,1,0,0,1,1,0,0,0,1,0,1,0,0,0,0,0.21043168
168,168,PRC_H2U1L0S1L0O4O1T8R0V5L2M9G5M3X2,재난 및 안전관리 기본법 일부개정법률안(조오섭의원 등 11인),조오섭,2021-01-04,1.0,11.0,0.0,185.0,0.0,1.0,0.0,0.0,0.0,0.0,0.0,0.0,0.0,,0.0,0.0,0.0,0,0.0,0.0,0.0,0.0,0.0,0.0,0.002314005699534874,0.004536765443403168,0.018731536838294423,0.006937754356254966,0.0,0.004624437477629063,0.0,0.0,0.0,0.0,0.005106682157785879,0.004655506146156182,0.0,0.009322954268105286,0.021360746379626,0.005046280427167644,0.0,0.0022769981184921698,0.0,0.022272718323152616,0.0,0.0,0.0,0,1.7272727272727273,1,0,0,1,1,0,0,0,1,0,1,0,0,0,0,0.32930064
169,169,PRC_Z2L1U0M1U0D4I1P8V0L1W0V1R7W5S3,다문화가족지원법 일부개정법률안(조오섭의원 등 13인),조오섭,2021-01-04,1.0,13.0,0.0,185.0,0.0,0.0,0.0,0.0,0.0,0.0,0.0,0.0,0.0,,1.0,0.0,0.0,0,0.0,0.0,0.0,0.0,0.0,0.0,0.0,0.0,0.0,0.0,0.007643181937081473,0.0,0.0,0.0,0.0,0.0,0.0,0.007726512068793887,0.0,0.052431149993624006,0.02374767916543143,0.0,0.012084546259471349,0.0,0.024244320392608643,0.0,0.05822652010690598,0.0376298759664808,0.028008403380711873,0,1.6153846153846154,1,0,0,1,1,0,0,0,0,1,1,0,0,0,0,0.26658627
170,170,PRC_U2K1X0A1B0E4J1P7U5Y8S4E3E1L6E6,화물자동차 운수사업법 일부개정법률안(조오섭의원 등 11인),조오섭,2021-01-04,1.0,11.0,0.0,185.0,0.0,0.0,0.0,0.0,0.0,0.0,0.0,1.0,0.0,,0.0,0.0,0.0,0,0.0,0.0,0.0,0.0,0.0,0.0,0.0,0.0,0.0037192621746578733,0.0,0.0,0.05145301582576992,0.003814217743572888,0.0,0.07009677360723685,0.0039011680328094205,0.007338463454633145,0.0036153323478526895,0.0,0.011575992311443295,0.03294612480713441,0.04703439060632173,0.0,0.003750116438479037,0.008236577918937614,0.06982413390735248,0.0,0.0,0.0,0,1.7272727272727273,1,0,0,1,1,0,0,0,1,0,1,0,0,0,0,0.1360707
171,171,PRC_B2I1T0O1O0X4D1U6V4V1K0T7D6G3E6,군형법 일부개정법률안(한기호의원 등 10인),한기호,2021-01-04,3.0,10.0,0.0,103.0,0.0,0.0,0.0,0.0,0.0,1.0,0.0,0.0,0.0,,0.0,0.0,0.0,0,0.0,0.0,0.0,0.0,0.0,0.0,0.0,0.0,0.0,0.0,0.0,0.0,0.0,0.0,0.0,0.0,0.0,0.004614671756481302,0.0,0.0,0.0,0.0,0.0,0.0,0.0,0.09664500273507216,0.0,0.025124488890856164,0.004763260997574905,0,2.1,1,0,0,1,0,1,0,0,1,0,1,0,0,0,0,0.050530523
172,172,PRC_A2M1M0R1G0I4D1E5F5U3Q0D8A8A0U4,아동복지법 일부개정법률안(권칠승의원 등 10인),권칠승,2021-01-04,2.0,10.0,0.0,185.0,1.0,0.0,0.0,0.0,0.0,0.0,0.0,0.0,0.0,,0.0,0.0,0.0,0,0.0,0.0,0.0,0.0,0.0,0.0,0.0,0.0,0.018334955141689237,0.009187635137231311,0.0,0.0,0.0,0.0,0.0,0.03119236000335019,0.0,0.0,0.0,0.04160722974914213,0.0782919351567221,0.02458536888354391,0.05504162667205979,0.0,0.0,0.042559511753735624,0.14187275638896457,0.035793313334659974,0.0,0,1.7,1,0,0,1,1,0,0,0,1,0,1,0,0,0,0,0.32414383
173,173,PRC_F2X0H1A2A2N4A1P9H1S5D1Z1X3L0F5,노인·장애인 등 사회복지시설 급식안전 지원 법률안(최혜영의원등15인),최혜영,2021-01-04,1.0,15.0,0.0,185.0,1.0,0.0,0.0,0.0,0.0,0.0,0.0,0.0,0.0,,0.0,0.0,0.0,0,0.0,0.0,0.0,0.0,0.0,0.0,0.0,0.0,0.0,0.0,0.0,0.012470737499295524,0.016288533978078557,0.0,0.0,0.027917989369096428,0.012535089733956874,0.0032586517005131163,0.0,0.10029609267282304,0.06530551572412367,0.0349685903709967,0.08671802076800116,0.0,0.0,0.04991285051879298,0.0,0.0,0.009554230618750912,0,1.9333333333333333,0,1,1,0,1,0,0,0,0,1,1,0,0,0,0,0.051084492
174,174,PRC_K2T0X1M2I0X9A1C0Z1T7E5I1Y2Q7O0,교육공무원법 일부개정법률안(김병욱의원등13인),김병욱,2021-01-04,,13.0,0.0,103.0,0.0,0.0,0.0,0.0,0.0,0.0,0.0,0.0,0.0,,0.0,0.0,0.0,0,0.0,0.0,1.0,0.0,0.0,0.0,0.0,0.0,0.019230769230769232,0.0,0.0,0.0,0.0,0.0,0.0,0.0,0.01545992035132188,0.0,0.0,0.031944857766995065,0.0681306215432974,0.0,0.09306536557582709,0.0,0.0,0.0,0.007697757620077867,0.0,0.01570605028134126,0,1.6666666666666667,1,0,0,0,0,1,0,0,1,0,1,0,0,0,0,0.064756304
175,175,PRC_H2C0J1Z2K3O0C0L9O1B5M3X5B2N8T5,공공보건의료에 관한 법률 일부개정법률안(신현영의원등18인),신현영,2021-01-04,1.0,19.0,0.0,185.0,1.0,0.0,0.0,0.0,0.0,0.0,0.0,0.0,0.0,,0.0,0.0,0.0,0,0.0,0.0,0.0,0.0,0.0,0.0,0.0018321646909628595,0.0,0.017301818089825765,0.0055035193051610675,0.00979523773172072,0.0017975386498229845,0.005395722708531788,0.007950094262404101,0.0018235935962625913,0.018242867131318365,0.005474344827234745,0.0,0.0036515028082898687,0.025792652474982396,0.13103755829589708,0.018509959935077598,0.014391791075468063,0.0,0.0,0.009457227773964405,0.0,0.0018255993989961489,0.009107118738549096,0,1.368421052631579,1,0,1,0,1,0,0,0,0,1,1,0,0,0,0,0.15193473
176,176,PRC_Q2R0P1C2D3Y0F0F9I1V6E1T7Y4M6W6,지방의료원의 설립 및 운영에 관한 법률 일부개정법률안(신현영의원 등 18인),신현영,2021-01-04,1.0,19.0,0.0,185.0,1.0,0.0,0.0,0.0,0.0,0.0,0.0,0.0,0.0,,0.0,0.0,0.0,0,0.0,0.0,0.0,0.0,0.0,0.0,0.0024723186191306055,0.0,0.0316735545554793,0.007426435688892043,0.010753284017723727,0.002425594322652702,0.007280975221151329,0.01072783804083445,0.0024607528045953037,0.017246862132865262,0.0024438121591705874,0.0,0.0025016415909112216,0.03456540710954781,0.140374854566103,0.016930286604237843,0.012152159788522375,0.0,0.0,0.007720366299870503,0.0,0.0,0.009840562760111797,0,1.368421052631579,1,0,1,0,1,0,0,0,0,1,1,0,0,0,0,0.10967342
177,177,PRC_X2K1R0U1M0W4U1Y3N3U9I5U7X9H5A9,군사시설 인근지역 지원에 관한 특별법안(김선교의원 등 10인),김선교,2021-01-04,1.0,10.0,0.0,103.0,0.0,1.0,0.0,0.0,0.0,0.0,0.0,0.0,0.0,,0.0,0.0,0.0,0,0.0,0.0,0.0,0.0,0.0,0.0,0.03813069160260148,0.02320295841849629,0.0888096043212929,0.006363104785507049,0.00633976791971293,0.018911842724785733,0.008445211990394785,0.01758008686142351,0.0,0.03304486238776739,0.004281879369936996,0.0,0.006978030180811283,0.03461166901804095,0.004077926053473698,0.10773895898056988,0.004281620284420761,0.016417682470388748,0.002062661414170385,0.0,0.0,0.0,0.0020966751491604137,0,1.7,0,1,0,1,0,1,0,0,1,0,1,0,0,0,0,0.05704023
178,178,PRC_Z2L0B1T2Z3O0O0T9O1U6O5D3R6C4J5,보조금 관리에 관한 법률 일부개정법률안(신현영의원 등 19인),신현영,2021-01-04,1.0,20.0,0.0,185.0,0.0,0.0,0.0,0.0,0.0,0.0,0.0,0.0,1.0,,0.0,0.0,0.0,0,0.0,0.0,0.0,0.0,0.0,0.0,0.004611290907591916,0.0,0.07102568866161818,0.02019606815295273,0.00453812520155746,0.0,0.009514116169361587,0.015586982282359949,0.0,0.032488027315461236,0.0,0.0,0.0,0.06036201018965646,0.21664095025384025,0.028990491722406964,0.027328848838806152,0.0,0.0,0.004762519611401505,0.0,0.0,0.03212980842322446,0,1.35,1,0,1,0,1,0,0,0,0,1,1,0,0,0,0,0.12549174
179,179,PRC_O2P0D1R2E2M4C0T9N5N6T2G1H3H4T0,전자상거래 등에서의 소비자보호에 관한 법률 일부개정법률안(홍성국의원등12인),홍성국,2021-01-04,1.0,12.0,0.0,185.0,0.0,0.0,0.0,0.0,0.0,0.0,0.0,0.0,0.0,,0.0,0.0,0.0,0,0.0,0.0,0.0,1.0,0.0,0.0,0.0,0.003004924188392439,0.0030924202351087933,0.0,0.0,0.0030028822270225498,0.003301133154036847,0.0,0.0,0.009570591681905454,0.06316909182830696,0.041323103708274356,0.0,0.009143081050687068,0.0,0.0,0.0,0.0,0.0,0.006533966082312195,0.0,0.0,0.040284890137361674,0,1.5833333333333333,1,0,0,1,1,0,0,0,1,0,1,0,0,0,0,0.028561246
180,180,PRC_D2P1I0I1I0B4V1E1N5S4O3P2E0D2T8,북한이탈주민의 보호 및 정착지원에 관한 법률 일부개정법률안(지성호의원 등 10인),지성호,2021-01-04,1.0,10.0,0.0,103.0,0.0,0.0,0.0,0.0,0.0,0.0,0.0,0.0,0.0,,0.0,0.0,1.0,0,0.0,0.0,0.0,0.0,0.0,0.0,0.0,0.0,0.01706607752832873,0.0,0.06723472702092138,0.0,0.0,0.0,0.0,0.02841363364252551,0.0,0.0,0.0,0.011716028739666116,0.028536719700385783,0.0,0.011094277480552936,0.0,0.02271055846378721,0.0,0.016959029230578192,0.006896551724137931,0.017334333781538338,0,1.8,1,0,1,0,0,1,0,0,1,0,1,0,0,0,0,0.394892
181,181,PRC_J2Z1V0Q1W0G4C1U1K2A8T2H9P8Y5R2,기부금품의 모집 및 사용에 관한 법률 일부개정법률안(한정애의원 등 14인),한정애,2021-01-04,3.0,15.0,0.0,185.0,0.0,1.0,0.0,0.0,0.0,0.0,0.0,0.0,0.0,,0.0,0.0,0.0,0,0.0,0.0,0.0,0.0,0.0,0.004073095851474338,0.0,0.0,0.024595133860905966,0.0036047825548383926,0.009173088471094767,0.0019090710745917425,0.001881680753495958,0.0,0.0,0.005499532487657335,0.009084378480911254,0.019853129121992323,0.0,0.020182869831720986,0.0216291876633962,0.01641179389423794,0.0,0.0,0.0,0.007380238109164767,0.0,0.0,0.010990105072657267,0,2.3333333333333335,1,0,0,1,1,0,0,0,1,0,1,0,0,0,0,0.22823508
182,182,PRC_B2F1X0I1H0L4B1Q1R2W0E5T6K6A8R0,공직선거법 일부개정법률안(고용진의원 등 14인),고용진,2021-01-04,2.0,14.0,0.0,185.0,0.0,1.0,0.0,0.0,0.0,0.0,0.0,0.0,0.0,,0.0,0.0,0.0,0,0.0,0.0,0.0,0.0,0.0,0.02139524192546066,0.0,0.0,0.005786052624659555,0.0,0.02562847186949839,0.0028560761761912837,0.006250479642082663,0.0,0.02609518778777865,0.00854822054866276,0.005800129220559935,0.008480274966018836,0.0,0.002825433820176702,0.0,0.009408849333396833,0.0,0.008530551380764655,0.006149366240187912,0.0,0.0,0.017467796183787417,0.0,0,1.6428571428571428,1,0,0,1,1,0,0,0,0,1,1,0,0,0,0,0.27285963
183,183,PRC_B2O0G1W1G2U6V1M2J5E4Z3N4C4B2P0,주민등록법 일부개정법률안(이영의원등11인),이영,2021-01-04,1.0,11.0,0.0,103.0,0.0,1.0,0.0,0.0,0.0,0.0,0.0,0.0,0.0,,0.0,0.0,0.0,0,0.0,0.0,0.0,0.0,0.0,0.005707798697424273,0.0,0.0,0.040470608160005396,0.0,0.0,0.0,0.0,0.0,0.0,0.005784506493426384,0.0,0.006116354719121406,0.0,0.0,0.06693302443686952,0.0,0.005704504378298496,0.0,0.0,0.012447634064559395,0.0,0.0,0.006077722032019433,0,1.8,1,0,1,0,0,1,0,0,1,0,1,0,0,0,0,0.120540805
184,184,PRC_T2J1P0X1I0A4G1W0M0K9O2N2R0L9X5,산업안전보건법 일부개정법률안(임오경의원 등 11인),임오경,2021-01-04,1.0,12.0,0.0,185.0,0.0,0.0,0.0,0.0,0.0,0.0,0.0,0.0,0.0,,0.0,0.0,0.0,0,0.0,1.0,0.0,0.0,0.0,0.0,0.004459783969781338,0.0,0.0,0.0,0.016527036214486146,0.0041255868398226226,0.0,0.0,0.0,0.0,0.021602501624669784,0.008263455293117426,0.0,0.008336729881090996,0.032021208909841684,0.0,0.0041906491304055235,0.0,0.08339189474399274,0.030469266573588054,0.0,0.02532517359806941,0.008342955662653997,0,1.0833333333333333,1,0,0,1,1,0,0,0,1,0,1,0,0,0,0,0.15101358
